,date,Elmhurst University,Cobble Hill,Ridgewood,Maspeth,College Point Multiplex Cinemas,Bedford Park,Kew Gardens Hills,เซนต์ จอร์จ แบงก์,Jamaica,Midwood,Roxbury - Rockaway Park - Far Rockaway,Throgs Neck,Riverdale,Gravesend,Flatbush,Kensington,Flushing,Prospect Lefferts Gardens,Crowd,Murray Hill,Borough Park,Oakland Gardens,Parkchester,Kingsbridge,East New York,Sutton Place Hotel Vancouver,Flatiron District,The Battery,Lower East Side,St Albans,Brooklyn Heights,Middle Village,Tottenville,AMC Bay Terrace 6,Crown Heights,Roosevelt Island,Park Slope,Glen Oaks Funeral Home & Cemetery,Midland Beach,Washington Heights,Williamsburg,Mason Greenwood,East Harlem,Boerum Hill,Howard Beach,Tokyo Midtown,Coney Island - Windsor Terrace,Upper East Side,Downtown,Auburndale,Coney Island,Great Kills,Upper West Side,Chelsea F.C.,Tribeca,Jamaica Estates,Forest Hills,"Royal Botanic Gardens, Kew",Hamilton Heights,Fort Greene,New Springville,Bensonhurst,Gramercy,Sunset Park,Morningside Heights,University Heights,Sunnyside Dispensary,Bushwick,Coronavirus,Greenwich Village,Bay Ridge,Carroll Gardens,Richmond Hill,East Flatbush,Gowanus,Rego Park,Rossville,Jackson Heights,Woodlawn School,D.B. Woodside,Pelham Bay,FC Astoria Walldorf,Financial District,Prospect Heights,Dumbo,Sheepshead Bay,Harlem,Bedford-Stuyvesant,East Village,Bath Beach,Soundview Family YMCA,West Village,Turtle Bay,Eltingville,Greenpoint,Dyker Heights,Canarsie,Saved by the Bell,Queens Village,Whitestone,Woodhaven,Brighton Beach,Inwood,Douglaston,Briarwood,Williamsbridge,SoHo
0,2018-01-07,39,80,77,89,42,53,19,54,60,66,39,51,23,67,13,79,50,49,78,31,36,60,25,64,21,40,32,84,33,73,76,37,55,56,32,41,0,2,36,64,1,55,35,80,16,51,91,31,66,12,58,86,31,57,21,65,30,17,55,12,57,56,22,18,67,5,81,0,70,76,58,47,55,48,82,36,75,0,9,51,0,76,9,2,49,73,35,72,14,35,96,76,70,73,4,32,4,66,0,0,21,42,56,54,25,69,76
1,2018-01-14,49,49,78,72,65,52,23,55,50,33,66,72,35,72,11,86,61,58,78,24,100,67,33,53,21,32,32,82,42,68,70,62,43,49,22,44,0,7,22,64,0,53,33,74,0,47,92,38,71,12,42,84,29,68,26,63,29,50,62,12,64,47,15,18,60,3,68,0,64,81,69,59,27,51,74,43,69,24,7,13,49,77,10,2,59,74,32,71,27,23,85,56,35,67,4,33,5,71,0,0,26,50,57,46,64,69,66
2,2018-01-21,43,36,75,74,54,49,22,63,69,23,56,54,25,63,11,83,43,45,76,24,80,59,46,52,0,40,32,76,31,70,78,70,54,54,28,44,0,2,20,60,1,52,42,69,31,54,89,12,73,13,51,84,32,66,27,67,22,28,58,23,49,50,15,18,64,3,70,0,77,77,66,52,38,44,66,60,69,47,24,44,0,73,7,2,55,76,30,78,17,11,84,55,50,70,4,33,4,65,0,0,26,53,75,26,53,67,77
3,2018-01-28,47,73,78,74,44,47,22,54,62,75,69,50,16,64,10,80,49,39,68,26,27,69,42,63,0,36,32,72,38,55,88,44,31,49,29,41,0,0,19,62,0,51,39,76,39,35,82,49,71,13,28,73,30,63,25,58,17,29,74,12,52,48,7,23,57,5,64,0,62,87,55,61,48,44,68,53,70,23,15,31,0,76,9,2,49,76,37,67,20,34,80,49,34,64,4,30,6,60,0,0,24,43,67,68,53,65,75
4,2018-02-04,46,63,77,86,52,36,24,53,57,60,45,47,14,71,10,81,100,48,70,28,44,66,41,59,21,35,23,84,33,68,84,44,34,48,26,42,29,5,18,63,0,65,24,76,47,58,85,55,71,14,36,74,28,68,22,58,25,65,71,23,59,39,25,22,70,3,63,0,60,83,59,49,59,34,78,56,69,0,11,44,0,87,10,2,50,80,29,70,27,11,76,51,34,58,1,27,5,67,0,0,38,50,59,41,48,64,61
5,2018-02-11,47,57,85,81,80,45,16,56,68,28,49,40,32,62,12,87,71,44,81,26,45,62,34,57,63,42,34,87,31,66,95,35,74,52,25,44,0,5,22,66,1,45,29,80,24,16,86,100,72,15,34,83,32,66,27,63,35,41,57,59,68,65,11,25,58,3,66,0,75,80,60,65,57,44,76,82,68,0,13,38,0,78,9,2,70,81,34,77,24,12,86,56,81,67,3,29,5,66,0,0,25,58,76,69,63,72,69
6,2018-02-18,49,49,74,69,100,55,10,62,59,42,52,33,29,65,10,85,52,40,71,22,36,71,41,55,0,38,45,81,42,65,76,69,100,41,31,41,0,9,17,68,1,54,32,77,23,35,84,74,70,17,28,78,66,64,25,61,32,24,72,47,69,32,22,28,66,3,63,0,64,82,50,55,30,53,78,64,82,0,17,56,0,66,11,2,100,82,25,83,10,46,80,65,38,70,2,28,4,56,33,37,32,55,80,49,72,76,60
7,2018-02-25,44,50,81,81,36,59,22,53,51,33,73,29,27,73,11,78,33,38,79,23,36,56,34,57,0,34,42,95,38,64,85,63,39,49,28,44,29,9,21,70,1,53,29,83,31,70,83,99,75,17,31,78,27,65,22,62,31,25,59,0,61,41,11,25,62,3,72,0,60,79,67,68,49,44,72,57,68,0,24,82,0,73,9,2,66,77,31,70,17,35,82,57,46,74,4,49,4,61,0,38,22,65,68,57,53,65,76
8,2018-03-04,42,67,86,84,44,57,18,50,53,65,49,36,16,81,9,83,35,37,71,32,71,63,24,50,41,35,43,75,40,63,75,79,40,49,33,100,0,2,21,68,0,64,23,79,54,46,83,67,70,16,61,83,28,60,25,63,30,32,46,23,42,52,7,28,60,3,66,0,71,79,61,69,56,52,78,80,69,0,21,68,0,66,10,2,56,72,35,70,23,11,77,46,42,67,1,42,4,83,0,0,23,71,76,41,53,76,64
9,2018-03-11,36,72,74,83,35,55,16,51,51,80,51,33,27,67,10,83,41,36,75,37,36,71,30,55,21,42,38,86,32,68,72,50,31,50,36,51,0,7,18,70,1,58,42,68,39,27,83,50,77,18,39,79,58,65,20,72,41,25,59,24,64,44,18,18,56,4,64,0,75,79,55,63,38,45,70,32,72,23,8,44,0,69,8,2,56,69,33,74,17,23,82,47,39,64,4,34,4,62,0,0,26,63,77,49,39,69,63
10,2018-03-18,32,55,83,71,33,45,10,50,71,66,46,35,50,88,10,78,35,46,64,28,54,75,38,52,0,40,40,76,30,67,96,52,48,45,30,43,0,12,20,73,1,61,38,78,16,35,81,43,62,20,52,79,21,57,20,70,26,78,62,59,51,53,11,27,74,4,66,0,68,78,52,49,54,47,78,67,73,0,20,50,0,73,9,2,48,71,34,79,10,23,69,60,54,70,2,35,5,60,33,0,31,62,57,53,63,70,68
11,2018-03-25,43,52,83,83,29,56,21,48,50,53,62,42,35,73,11,79,39,52,78,34,46,77,32,62,43,38,53,86,33,73,86,57,34,40,33,43,0,12,21,84,0,63,36,74,40,44,82,57,70,21,53,85,16,61,23,63,28,50,51,24,59,42,11,27,70,3,72,0,77,91,59,60,22,43,85,36,75,24,22,58,0,89,9,2,55,67,34,88,17,12,86,59,47,73,4,24,5,69,0,0,30,74,69,51,80,86,73
12,2018-04-01,53,53,87,71,46,38,23,48,52,39,59,41,23,82,11,84,65,42,76,14,18,72,24,66,22,37,63,85,33,81,85,47,60,100,46,45,30,10,24,87,1,60,27,82,48,40,95,26,74,22,67,82,23,68,31,64,28,34,53,0,67,47,23,20,75,5,61,0,78,87,71,62,42,48,79,47,75,0,17,52,0,76,10,2,68,66,35,84,31,0,93,60,67,75,4,25,5,69,0,0,32,60,67,70,85,81,78
13,2018-04-08,48,54,77,75,39,59,22,47,49,42,51,27,11,89,12,77,49,37,78,29,54,76,36,63,21,42,63,82,37,65,72,55,19,52,41,42,0,10,21,72,0,68,42,68,39,35,96,31,78,24,47,84,20,75,24,65,38,29,76,12,55,37,22,23,72,3,66,0,82,84,54,66,30,49,81,43,75,0,7,50,0,78,9,2,50,63,35,77,34,23,85,61,54,84,5,100,4,67,0,0,33,62,73,57,34,73,90
14,2018-04-15,45,42,84,84,36,56,23,46,34,76,40,33,34,93,12,83,41,43,86,35,72,67,26,58,0,38,58,83,37,61,75,56,21,47,54,41,0,12,21,75,1,58,38,68,16,59,86,50,71,22,47,83,19,89,38,73,32,62,66,36,66,58,22,27,87,2,67,0,82,77,54,56,44,55,76,57,71,24,9,89,0,87,11,2,55,62,38,79,24,12,82,44,31,81,6,49,5,78,0,0,33,54,70,88,39,77,70
15,2018-04-22,42,54,78,73,47,55,29,44,41,57,51,32,32,79,36,80,33,45,78,30,90,69,32,64,0,45,64,85,42,73,74,73,55,54,45,42,0,19,20,75,1,57,35,74,24,47,91,38,65,23,86,81,24,95,17,65,36,25,59,12,59,44,26,23,65,3,68,0,79,86,51,74,41,47,80,57,72,0,13,38,0,64,9,3,65,60,38,72,7,58,90,61,58,74,4,33,5,64,34,0,32,52,78,54,44,69,69
16,2018-04-29,40,44,88,80,36,49,100,44,49,33,60,33,18,82,19,73,46,42,76,34,27,68,32,53,21,43,63,90,36,69,68,52,77,53,40,41,30,33,19,73,0,58,38,84,39,39,85,37,69,27,34,91,17,66,17,66,80,49,70,71,46,46,44,24,61,4,60,0,71,87,54,59,49,45,71,53,74,23,28,69,0,71,9,2,70,61,41,76,30,0,86,47,39,79,4,38,6,100,0,0,41,57,75,69,58,76,53
17,2018-05-06,39,48,100,80,39,55,69,46,41,29,64,56,28,95,22,72,42,38,75,26,55,79,29,60,21,47,59,84,49,71,83,49,39,49,45,48,30,29,19,78,1,59,56,86,48,95,100,25,70,25,63,87,27,71,26,70,47,38,75,0,65,54,37,24,79,3,59,0,80,95,73,63,58,57,73,25,84,24,22,45,0,80,15,2,63,59,30,81,21,24,89,68,51,81,4,38,5,71,0,0,39,58,67,23,74,83,67
18,2018-05-13,42,41,85,74,27,54,29,44,33,39,43,67,26,85,64,72,40,41,76,36,74,80,28,46,22,34,57,82,39,77,67,41,32,50,39,46,31,12,19,79,1,53,53,78,24,32,86,51,69,26,51,90,30,67,21,70,43,51,72,61,60,38,30,18,86,4,75,0,85,90,52,59,42,46,88,29,71,24,44,52,0,78,11,3,59,60,34,76,21,24,80,61,40,81,3,35,5,77,34,39,33,53,74,51,35,78,79
19,2018-05-20,42,58,80,81,30,39,21,47,60,54,72,50,14,78,100,67,57,39,76,28,28,82,28,64,44,36,79,88,44,78,78,54,45,50,39,42,62,7,21,84,1,67,24,78,33,69,84,72,68,41,62,83,22,63,18,70,30,47,76,37,56,46,27,30,64,3,77,0,78,91,51,66,43,53,82,60,77,25,12,13,50,86,9,3,56,55,31,76,14,24,76,61,24,79,4,34,5,63,0,0,48,66,69,72,51,83,66
20,2018-05-27,33,62,84,90,25,46,17,48,36,55,54,100,19,80,23,71,58,37,92,30,19,82,36,54,22,40,75,82,38,86,80,65,51,53,48,45,31,18,19,89,1,64,48,83,33,33,88,53,70,44,71,100,21,66,31,73,34,57,75,38,73,56,58,31,52,4,85,0,70,100,58,64,40,60,99,45,76,0,31,20,0,78,11,2,60,57,36,81,29,24,93,76,90,90,4,35,6,67,0,0,54,87,96,48,67,88,82
21,2018-06-03,30,53,82,85,31,51,26,48,39,59,59,83,50,85,16,74,40,38,82,31,28,88,26,69,22,40,80,88,34,79,90,82,26,45,50,46,31,15,21,83,1,69,32,81,57,49,91,58,63,38,68,96,19,63,21,86,30,51,69,37,70,53,23,25,72,3,72,0,83,90,60,61,31,41,76,82,72,25,6,46,0,83,11,2,53,53,40,81,18,48,89,92,48,82,3,38,5,76,0,0,41,68,62,56,30,83,97
22,2018-06-10,34,54,81,83,47,57,21,51,42,44,59,63,21,79,14,71,57,37,100,33,56,85,28,61,65,38,74,93,44,82,79,56,48,58,58,45,31,22,22,87,1,74,33,89,24,28,97,26,72,51,67,89,19,68,35,100,37,34,76,37,88,48,34,30,53,3,73,0,78,85,60,64,31,58,89,77,86,0,20,13,0,85,14,14,70,52,35,78,21,24,93,61,48,87,2,50,5,75,0,0,59,62,88,63,50,87,84
23,2018-06-17,26,77,89,74,87,49,13,48,54,74,57,52,22,81,13,66,66,38,94,28,47,82,18,47,0,44,77,90,42,81,86,51,57,49,43,44,0,48,19,87,1,100,45,82,17,37,97,33,68,50,52,87,19,65,20,87,28,30,74,100,63,63,12,14,53,3,74,0,92,88,77,74,71,54,79,90,81,25,18,87,0,86,11,4,81,55,33,83,21,12,98,73,85,87,4,35,5,74,0,0,57,59,77,76,41,87,76
24,2018-06-24,27,53,83,73,86,55,26,50,49,25,45,41,24,79,11,70,52,40,99,27,67,92,28,66,22,41,95,88,45,84,75,49,76,43,59,42,31,40,23,89,1,67,50,86,42,29,99,26,65,54,74,88,18,61,36,75,36,61,72,13,57,66,16,18,81,5,72,0,76,93,56,67,49,43,84,68,88,0,13,67,0,96,11,3,80,62,34,81,14,49,100,71,49,86,3,36,5,78,0,0,66,68,100,85,41,83,98
25,2018-07-01,27,51,96,78,68,51,31,52,45,62,57,35,30,87,12,67,66,40,81,28,20,100,33,49,69,34,99,72,44,95,87,55,51,62,69,44,0,55,23,99,1,64,32,92,9,38,83,68,70,96,62,87,19,56,22,64,39,36,80,26,65,65,20,16,66,3,75,0,84,96,64,63,41,56,84,47,85,51,22,55,0,84,9,3,86,56,44,88,26,38,81,79,76,90,5,45,5,59,0,0,100,75,78,33,53,80,89
26,2018-07-08,32,46,87,89,37,57,24,51,39,54,91,32,29,69,15,61,66,38,94,32,38,76,31,58,22,37,73,87,36,77,92,46,67,60,54,43,31,100,24,100,1,66,47,82,25,53,88,52,68,53,90,86,26,65,25,74,28,35,100,25,76,63,19,30,67,4,71,0,81,96,68,60,31,56,100,63,83,0,12,66,0,100,12,3,72,54,43,82,21,24,86,71,36,80,5,41,5,83,35,0,65,71,61,100,36,85,84
27,2018-07-15,31,61,90,91,46,58,17,49,55,35,48,30,19,71,12,68,52,37,89,26,76,83,20,77,0,100,85,86,37,67,80,71,49,46,57,42,0,40,22,90,1,59,45,84,25,41,84,46,64,47,66,82,28,64,23,77,33,39,80,25,60,58,15,21,76,3,72,0,82,89,66,53,43,51,81,64,75,74,9,60,0,97,100,3,74,52,37,83,21,12,84,65,28,79,2,31,5,85,0,0,55,76,54,88,41,85,79
28,2018-07-22,32,47,87,86,58,55,22,52,45,40,78,33,29,79,12,75,56,37,86,29,58,69,15,58,0,55,74,80,39,74,94,64,54,54,55,44,0,26,19,96,1,60,31,82,8,29,88,27,65,44,58,86,31,72,24,93,25,35,63,51,60,64,24,23,63,4,82,0,84,92,67,68,64,55,86,76,81,25,21,61,0,89,19,3,78,49,38,90,33,25,91,66,58,100,3,34,6,83,0,40,53,76,46,65,78,87,100
29,2018-07-29,39,63,83,82,57,56,22,51,38,79,65,26,26,77,11,67,58,37,94,33,47,75,36,61,0,46,100,94,42,74,63,55,41,47,53,48,0,28,23,93,1,62,28,79,25,20,96,53,73,52,49,89,31,69,23,70,25,22,59,37,63,73,8,25,76,4,69,0,81,97,54,75,31,81,94,60,80,0,10,20,51,89,14,3,65,54,40,93,4,12,97,70,49,89,6,38,5,82,0,0,48,93,62,56,46,84,63
30,2018-08-05,37,48,87,78,67,48,22,53,54,74,55,25,26,73,10,69,52,36,90,34,47,79,26,60,0,37,93,99,45,81,86,65,51,54,45,43,31,48,22,89,1,55,60,94,58,53,88,72,75,47,85,89,45,71,29,71,44,61,84,25,85,78,15,22,81,4,71,0,82,89,53,60,100,54,83,83,78,50,10,100,0,91,15,3,64,49,37,96,32,12,94,67,49,88,3,35,5,73,0,40,63,83,58,52,61,88,75
31,2018-08-12,37,56,91,77,47,45,39,46,59,40,54,26,17,65,9,72,61,36,85,24,29,67,17,56,22,41,89,83,38,71,93,53,45,51,48,40,0,23,22,88,1,82,42,93,42,29,82,53,64,39,82,82,32,63,25,86,36,48,73,25,64,54,12,16,65,4,68,0,77,87,55,74,29,63,75,72,78,50,7,40,0,85,10,3,62,52,39,84,32,37,87,57,78,78,5,33,5,68,35,40,41,46,60,77,72,88,80
32,2018-08-19,52,56,80,75,36,49,13,45,56,50,50,23,41,66,9,73,70,36,94,28,57,72,26,68,22,39,61,87,35,84,73,47,51,48,62,40,0,18,21,82,1,61,45,82,33,29,88,53,65,40,61,82,23,60,34,65,37,70,72,0,77,44,16,18,75,4,71,0,77,77,55,62,52,52,73,53,83,100,17,47,0,69,10,2,59,53,34,81,25,49,80,50,66,74,4,41,5,70,0,0,46,63,46,57,36,80,88
33,2018-08-26,54,49,77,71,16,56,21,41,42,39,81,23,26,65,9,72,51,37,65,30,65,58,24,54,66,37,62,76,37,83,77,66,51,60,44,40,0,22,17,77,1,60,38,87,25,28,79,52,60,39,78,72,28,61,12,62,35,26,69,0,54,50,38,21,69,5,66,0,73,80,49,51,37,53,77,41,70,49,9,40,0,68,7,3,50,48,36,66,18,48,69,38,73,84,4,31,6,65,0,0,53,73,48,64,51,85,66
34,2018-09-02,44,65,83,81,24,49,13,39,60,64,70,22,21,85,9,71,80,42,79,38,75,70,37,52,22,36,70,84,35,81,84,42,32,57,45,44,31,22,20,71,1,65,67,76,25,41,81,85,62,31,59,88,20,66,25,75,33,64,61,12,61,70,27,37,65,3,65,0,78,96,53,59,28,52,71,82,77,49,4,73,0,87,11,3,63,48,34,77,11,48,73,53,56,78,1,36,6,71,0,0,42,79,56,88,35,75,70
35,2018-09-09,46,73,74,70,30,52,15,41,50,67,57,22,30,68,9,73,67,35,77,23,55,81,27,45,0,31,58,82,41,75,89,45,39,37,35,39,0,0,20,76,0,64,31,74,24,47,76,95,60,18,47,85,20,66,16,83,29,50,65,24,48,54,30,19,67,4,74,0,78,86,54,74,44,52,75,50,67,0,7,38,0,88,10,2,54,48,34,78,17,35,86,39,31,75,3,32,5,59,0,0,35,55,52,70,94,79,84
36,2018-09-16,45,51,80,100,22,58,12,42,45,53,64,22,35,70,11,71,50,38,84,38,27,85,17,60,0,33,47,79,33,89,79,61,43,46,43,40,0,5,20,69,1,61,31,83,40,44,84,38,48,23,82,91,23,62,14,72,29,54,70,0,51,44,41,29,64,3,57,0,73,93,56,60,36,57,85,72,83,0,7,51,0,66,10,2,45,51,31,74,21,47,79,51,51,75,4,30,5,80,0,0,42,54,51,47,40,70,91
37,2018-09-23,46,52,79,79,26,35,25,39,41,86,49,22,30,62,9,73,47,43,83,19,36,74,32,56,43,34,53,80,42,79,77,41,20,39,43,38,0,2,18,69,1,52,36,82,16,47,82,51,61,19,50,87,41,67,29,71,28,33,71,36,54,51,4,22,48,3,63,0,78,77,57,56,44,46,78,79,73,48,10,45,0,68,10,4,48,48,30,71,28,0,75,54,51,69,4,30,5,65,34,0,33,50,52,62,20,72,64
38,2018-09-30,45,55,75,81,77,49,10,41,50,52,69,25,14,57,14,76,41,38,74,24,27,82,25,57,42,38,63,80,40,83,70,60,61,38,45,43,0,12,17,73,1,59,56,91,8,31,80,44,63,19,58,83,23,57,29,66,37,21,74,0,63,72,15,14,46,3,57,0,87,79,58,51,22,37,79,50,84,0,7,45,0,84,10,3,47,52,35,100,21,12,84,50,43,69,4,30,5,58,34,0,27,65,51,54,39,79,65
39,2018-10-07,39,56,82,80,61,48,17,44,61,53,51,96,21,66,12,70,59,64,58,44,46,70,20,50,22,35,61,83,38,67,70,75,42,46,35,39,0,2,20,76,1,53,35,74,16,32,81,77,69,18,45,89,21,60,18,65,26,42,66,24,63,40,11,23,44,2,65,0,70,80,60,56,25,56,66,51,74,0,7,20,49,75,11,3,70,53,34,84,24,24,86,59,52,73,9,30,5,63,0,39,28,61,53,27,65,72,80
40,2018-10-14,51,58,75,76,40,49,21,44,28,39,58,68,43,72,18,76,49,47,67,43,56,73,27,52,0,46,55,99,39,78,64,44,52,47,32,41,0,2,16,75,1,56,40,72,49,49,80,39,70,17,41,80,24,75,27,53,25,30,69,37,59,60,23,20,60,2,55,0,66,84,47,69,42,59,75,63,74,25,12,59,100,82,13,3,51,54,26,78,7,24,91,46,85,72,5,32,5,68,0,0,20,43,41,75,71,84,67
41,2018-10-21,47,62,73,82,25,54,25,40,36,72,36,55,46,56,13,80,39,51,73,26,37,61,30,47,21,38,40,100,34,75,77,41,34,37,32,40,0,15,16,69,1,55,58,71,40,20,82,76,64,16,24,84,22,100,19,55,37,21,73,48,65,47,22,22,57,3,58,0,78,75,67,46,39,69,72,36,64,24,12,39,0,78,9,3,52,54,28,82,21,12,82,51,43,69,6,30,5,56,0,0,26,52,54,74,45,79,63
42,2018-10-28,37,46,75,81,22,55,19,43,56,44,65,65,38,59,13,77,48,43,76,30,9,62,21,56,44,33,46,90,41,72,78,68,36,43,35,44,0,2,21,68,1,52,46,73,49,36,80,45,62,14,70,90,25,61,23,53,34,21,69,37,42,41,19,30,73,3,62,0,100,80,67,51,25,39,73,48,64,0,4,72,0,56,9,3,53,59,30,86,21,36,90,39,24,59,4,33,6,68,0,39,24,53,41,52,71,69,81
43,2018-11-04,44,54,79,80,19,51,16,43,38,32,52,57,16,64,10,75,35,49,83,31,71,64,18,48,0,39,51,75,36,58,70,45,46,44,30,36,29,7,17,69,1,58,43,78,31,31,82,37,70,14,46,81,25,63,20,55,35,12,55,12,56,36,4,19,79,4,64,0,72,78,65,54,32,48,75,66,68,23,3,56,0,71,8,2,47,63,27,76,20,23,86,42,65,74,9,35,4,57,33,0,26,53,51,71,24,67,68
44,2018-11-11,35,56,72,69,29,57,31,41,53,29,36,49,26,60,11,77,36,44,68,27,18,67,24,46,43,39,43,97,31,60,71,39,24,39,34,40,0,5,17,65,1,45,31,78,24,63,77,44,63,12,40,88,19,59,17,61,31,29,54,60,54,77,15,22,69,1,60,0,70,74,54,46,30,46,68,36,70,96,6,45,0,60,8,8,48,65,29,77,14,12,76,52,59,66,10,32,4,63,0,0,21,57,47,50,64,77,66
45,2018-11-18,27,43,75,67,32,44,13,36,44,20,52,47,12,59,17,76,35,41,57,26,19,86,31,46,45,34,55,68,30,51,73,68,50,40,29,36,0,5,17,70,1,61,30,82,42,33,78,94,57,12,47,71,23,55,24,57,40,35,57,0,51,62,20,19,58,3,56,0,58,78,52,52,35,53,82,53,76,51,12,61,0,60,10,6,66,55,26,67,15,37,71,70,46,56,9,28,4,60,0,0,37,41,49,82,5,83,43
46,2018-11-25,36,32,70,90,21,56,10,40,58,37,44,45,36,61,18,68,29,40,67,23,52,68,23,40,20,40,49,86,28,64,66,82,40,36,25,35,0,0,17,70,1,47,27,74,38,57,77,67,61,12,35,85,19,58,22,58,36,36,53,23,58,56,29,18,51,3,57,0,67,72,44,60,45,43,74,49,68,0,7,43,0,56,9,5,57,64,28,69,17,0,76,62,45,66,17,29,4,59,0,0,25,48,43,56,38,76,72
47,2018-12-02,40,54,69,78,22,54,10,41,53,52,40,42,18,65,17,81,52,42,70,26,36,84,28,52,42,45,46,77,34,72,56,52,31,40,29,38,0,2,15,70,1,45,31,70,32,24,76,69,65,12,42,74,29,62,22,60,31,21,62,24,58,53,4,20,58,2,56,0,70,75,51,64,33,39,66,50,72,0,10,25,0,82,10,4,44,66,30,69,27,12,85,54,51,75,25,36,8,55,0,0,25,48,47,42,49,78,52
48,2018-12-09,45,63,78,75,30,56,15,41,34,53,50,42,42,56,12,78,14,40,80,29,64,70,22,49,21,43,36,76,33,63,68,31,26,41,20,41,30,5,18,70,1,49,30,76,16,47,82,6,60,13,24,79,22,60,31,53,35,46,61,12,69,58,7,23,52,4,55,0,74,77,65,51,50,37,75,51,64,24,6,58,0,81,8,3,46,68,27,72,10,12,78,48,55,66,34,45,4,71,0,0,38,49,55,50,30,78,84
49,2018-12-16,33,45,80,81,20,48,28,44,72,34,54,34,21,68,11,76,57,39,66,29,37,71,33,48,22,41,42,67,35,57,75,62,36,38,19,44,0,12,17,71,1,52,36,78,8,16,81,39,60,14,27,88,25,63,39,61,33,17,48,25,64,60,15,24,67,4,52,0,69,73,60,49,71,44,87,56,73,25,25,20,0,79,9,3,51,63,32,70,18,12,81,45,64,71,41,31,4,71,35,0,29,43,51,79,61,83,55
50,2018-12-23,16,37,81,66,54,39,19,45,38,77,71,30,32,77,9,78,42,41,69,39,31,96,28,65,0,36,69,72,38,82,78,45,75,43,40,47,35,3,21,77,1,45,26,83,64,45,86,44,66,17,30,84,24,52,34,66,42,34,52,28,86,67,21,17,61,4,53,0,82,88,56,60,38,30,90,54,89,27,23,52,0,75,8,4,91,68,29,69,16,40,72,57,68,68,49,29,5,75,0,0,38,45,50,67,23,100,61
51,2018-12-30,31,60,79,65,35,43,9,53,55,51,57,33,20,65,11,72,56,47,67,34,39,89,26,73,23,37,54,77,37,70,74,46,57,44,30,47,0,3,21,68,1,52,35,78,43,46,88,54,65,20,42,87,30,61,9,67,23,22,60,13,71,55,4,20,66,3,65,0,83,85,51,56,53,47,73,65,79,76,32,68,52,76,6,6,65,61,29,81,18,100,81,78,50,77,13,43,6,74,0,41,27,39,52,62,37,86,66
52,2019-01-06,47,55,77,83,35,48,21,54,36,24,45,30,26,68,11,100,50,39,58,32,91,86,21,53,21,40,30,71,33,87,79,53,32,44,26,44,0,5,21,61,1,50,45,89,16,24,82,44,69,13,26,80,31,59,21,57,22,8,65,36,65,56,15,12,36,3,59,0,73,81,53,55,52,43,63,62,79,48,24,84,0,76,9,5,50,74,29,73,31,59,83,58,43,80,5,32,6,69,0,0,37,60,46,66,64,66,76
53,2019-01-13,47,44,76,65,64,50,24,53,47,33,43,44,16,61,13,77,38,38,56,30,62,76,17,75,42,36,27,75,34,69,69,42,44,38,27,42,58,9,16,62,1,45,42,76,31,31,76,37,67,12,44,70,30,57,17,59,41,28,51,12,60,82,22,19,53,3,60,0,71,74,49,53,29,47,72,46,70,0,20,62,0,66,9,4,73,74,29,68,13,11,82,43,46,75,4,27,9,71,0,0,30,51,27,34,67,63,72
54,2019-01-20,40,38,71,71,50,48,24,52,54,28,55,36,11,65,13,85,43,41,77,22,27,58,24,62,21,35,26,70,33,61,69,45,36,46,37,40,0,5,16,59,1,51,42,74,47,31,80,31,64,20,49,70,32,58,18,58,27,73,51,12,60,50,14,23,56,3,56,0,60,78,47,54,45,40,72,49,71,0,36,50,0,70,13,4,64,65,31,74,20,57,85,75,50,72,4,30,8,67,33,0,30,54,46,45,38,62,77
55,2019-01-27,39,45,78,86,34,49,22,51,37,46,54,31,38,62,11,78,59,37,74,25,79,68,37,55,41,37,36,75,35,53,85,39,42,44,24,38,29,2,21,58,1,48,24,85,15,61,98,31,70,15,41,75,31,60,27,58,36,32,46,0,61,36,7,34,58,2,69,0,59,69,57,62,48,45,75,66,66,23,12,25,0,69,8,4,50,67,36,71,20,45,78,58,23,71,2,37,6,83,0,37,34,45,48,52,67,66,61
56,2019-02-03,47,54,75,73,46,57,25,50,40,45,46,26,24,67,11,76,42,40,62,28,34,70,19,51,20,37,30,75,44,65,68,48,41,41,26,34,0,2,18,57,0,57,28,63,0,41,81,0,79,14,37,73,20,61,41,60,50,43,47,11,54,44,17,22,53,3,55,0,72,78,60,53,59,42,71,54,88,22,18,12,0,66,9,4,41,73,31,72,23,11,82,55,63,65,2,29,5,68,32,0,26,49,35,33,60,66,73
57,2019-02-10,45,48,78,72,41,47,22,50,52,73,59,30,31,64,12,83,40,49,75,35,52,61,27,50,20,35,34,75,35,62,70,46,51,38,28,37,57,9,17,64,1,47,27,85,8,45,77,12,73,14,33,73,35,63,23,63,34,36,55,46,55,60,21,12,39,4,63,0,70,76,52,100,24,48,69,27,63,23,20,61,0,62,10,6,50,74,24,74,10,22,82,47,56,75,7,30,5,75,0,0,19,48,45,52,47,73,50
58,2019-02-17,41,57,78,68,62,48,20,53,35,37,58,27,33,69,12,87,46,41,68,29,44,58,24,56,0,35,37,71,30,59,74,51,49,48,27,41,58,5,18,64,0,45,43,75,15,27,79,0,61,16,81,76,39,52,13,58,26,28,60,0,64,72,29,15,64,3,60,0,71,75,50,57,48,39,89,63,72,0,21,62,0,70,8,6,53,73,34,72,17,11,85,66,49,60,3,29,4,62,0,0,19,48,39,52,67,77,80
59,2019-02-24,33,43,75,71,42,53,26,53,56,41,58,32,22,66,11,83,29,42,64,31,61,73,30,49,20,38,28,73,33,64,63,57,32,41,26,36,0,0,17,61,1,50,32,82,15,37,73,0,68,14,42,69,54,54,33,60,39,48,46,11,58,53,35,24,52,4,52,0,60,71,47,63,31,48,84,62,72,23,20,55,0,64,8,7,40,76,30,69,10,33,72,84,15,65,4,21,5,60,32,0,31,49,42,59,33,62,70
60,2019-03-03,32,45,80,69,28,51,14,52,30,60,48,86,43,60,11,88,54,43,60,32,53,62,21,45,21,38,43,72,35,70,82,47,40,42,31,38,0,14,18,66,1,55,33,79,8,34,76,0,81,17,26,74,25,67,20,64,38,53,55,12,63,48,22,19,63,4,52,0,65,73,73,64,43,39,78,56,70,0,13,37,0,76,9,14,53,72,39,70,43,57,75,100,72,69,6,33,5,64,0,0,32,54,56,45,48,67,66
61,2019-03-10,39,49,83,85,32,57,20,51,48,60,65,30,22,66,14,85,38,37,66,38,44,66,32,40,83,40,54,69,40,59,66,53,29,41,29,36,0,12,17,66,1,52,26,89,23,54,77,0,77,17,38,79,25,63,23,63,50,12,45,12,65,59,14,27,63,4,54,0,66,78,61,74,37,65,79,56,71,0,21,56,0,76,10,21,53,66,28,68,10,34,79,64,49,66,4,25,4,75,0,0,29,62,50,49,53,70,63
62,2019-03-17,34,55,75,91,20,61,23,53,48,86,54,30,19,56,12,88,36,38,58,33,73,81,29,60,0,43,37,74,36,70,77,54,29,47,35,41,0,7,20,68,0,48,28,91,16,43,71,0,65,19,50,77,21,60,22,68,34,21,55,0,63,65,22,32,69,4,58,0,70,88,43,75,44,49,81,69,78,0,11,45,0,70,10,28,50,65,26,73,7,23,74,71,90,65,4,29,4,68,0,38,25,61,38,62,25,67,68
63,2019-03-24,32,52,74,78,34,49,8,55,52,66,60,28,18,62,10,84,33,37,70,34,45,59,16,100,0,45,51,73,36,78,77,42,37,49,42,39,0,12,27,71,0,55,31,93,24,50,76,0,62,18,39,74,15,59,27,65,31,33,61,24,49,64,37,30,74,4,57,0,70,83,53,69,32,44,80,67,72,23,16,57,0,69,9,100,57,62,25,77,24,0,76,57,46,67,4,36,4,79,100,0,31,54,45,38,58,68,67
64,2019-03-31,48,50,77,78,30,56,16,48,55,19,47,26,11,61,15,83,44,40,67,48,81,76,18,72,21,38,42,76,40,77,76,46,43,46,49,37,0,2,18,75,1,48,28,93,16,55,72,25,72,22,52,79,23,56,14,67,38,41,51,48,60,53,33,23,74,4,60,0,69,76,59,59,65,55,82,54,81,0,18,32,0,73,13,86,49,61,27,80,7,35,73,70,51,71,3,28,4,83,0,0,26,58,45,77,39,65,63
65,2019-04-07,44,54,79,78,20,48,27,47,46,24,53,22,21,62,12,79,33,39,65,42,27,61,28,46,42,43,48,69,43,66,79,31,37,46,100,40,30,0,19,75,1,50,40,79,48,59,71,63,65,22,63,76,27,58,21,63,34,41,70,48,53,42,22,27,62,3,63,0,79,71,54,65,41,43,80,65,83,24,11,70,0,66,13,46,47,60,30,67,41,35,82,55,43,69,3,35,4,70,0,0,29,63,45,42,59,70,90
66,2019-04-14,32,28,79,85,29,54,15,44,35,39,44,23,19,65,11,78,56,39,64,33,65,61,32,53,22,43,62,74,34,83,78,41,42,48,68,40,0,10,30,88,1,65,42,87,8,36,81,45,66,25,64,80,30,59,25,68,35,25,62,12,65,45,42,39,68,4,56,0,73,75,59,63,33,52,73,80,82,24,12,52,0,73,12,43,44,56,27,64,31,36,81,54,44,78,4,27,4,74,0,0,38,52,42,74,40,73,55
67,2019-04-21,40,61,87,76,63,56,6,46,38,53,55,23,23,64,14,77,42,39,54,18,46,58,22,50,22,45,76,71,34,76,78,59,60,34,59,40,30,10,19,76,1,62,30,100,16,28,78,70,68,27,85,72,25,76,19,64,44,21,52,24,53,42,34,22,94,3,63,0,84,78,56,63,36,55,80,51,74,0,13,71,0,80,12,31,79,58,30,68,17,0,84,66,67,74,5,31,10,72,0,0,35,52,54,47,70,65,54
68,2019-04-28,39,41,83,81,82,45,16,47,96,89,47,23,16,58,15,76,38,42,68,35,36,73,40,48,0,46,46,75,37,74,81,48,68,50,42,41,0,7,20,67,1,51,36,82,47,62,76,93,67,22,62,78,29,74,15,71,41,33,54,47,65,60,18,16,64,3,53,0,68,77,53,66,24,58,77,67,71,0,14,57,0,76,14,21,67,59,29,75,20,35,78,57,54,72,5,30,5,71,0,0,35,52,38,38,29,69,75
69,2019-05-05,33,39,79,82,68,45,29,43,75,66,47,25,28,65,17,78,50,39,64,27,36,87,27,58,42,39,51,69,34,72,81,71,35,43,43,41,0,31,19,72,1,59,37,78,24,59,81,57,64,22,65,75,37,65,14,71,39,29,61,24,48,58,52,33,62,4,56,0,71,81,69,70,44,46,77,47,73,0,40,32,0,65,9,13,62,60,29,69,17,12,83,68,35,68,3,40,4,70,0,0,23,53,73,46,44,65,63
70,2019-05-12,38,62,84,85,44,51,19,45,44,49,44,34,24,64,13,81,37,38,66,49,56,71,31,65,87,42,60,85,37,79,69,36,40,56,32,42,31,27,19,75,1,56,36,90,41,60,81,26,66,27,48,73,27,65,21,69,47,30,55,25,69,36,11,24,60,9,49,0,67,84,58,60,34,48,87,44,74,24,44,52,0,66,10,11,47,56,28,62,18,0,72,59,64,73,3,33,4,64,35,0,29,56,54,71,71,68,77
71,2019-05-19,37,51,78,80,49,56,26,45,51,74,64,37,24,75,12,79,49,39,73,30,19,89,24,51,0,43,70,73,33,76,66,48,30,47,48,38,31,40,19,79,1,57,49,91,16,37,74,20,70,38,92,79,20,53,32,77,25,43,78,25,61,41,61,26,76,4,56,0,71,79,54,68,54,38,78,52,78,25,38,46,0,78,10,9,58,56,30,68,25,24,82,62,77,75,2,26,5,62,0,0,44,54,53,68,20,69,81
72,2019-05-26,31,43,89,73,51,52,30,51,47,55,61,78,36,67,12,71,58,37,82,34,19,76,31,53,0,42,72,80,32,80,82,55,47,51,55,40,31,33,16,82,1,75,34,83,33,41,77,53,63,45,66,76,54,56,11,74,37,30,98,13,75,54,35,26,74,3,86,0,77,89,54,66,52,57,79,34,77,50,42,47,0,68,11,9,66,56,34,70,29,24,83,79,49,74,1,34,5,75,0,0,52,71,56,89,62,82,73
73,2019-06-02,26,62,85,82,58,57,19,50,58,58,52,64,26,69,11,73,37,39,83,34,48,71,18,60,40,48,71,74,41,69,88,58,52,41,48,43,0,37,20,83,1,74,49,83,41,32,80,59,71,44,82,86,20,58,23,73,48,53,83,25,70,46,19,23,64,5,75,0,72,77,59,62,55,58,89,63,83,0,50,72,52,67,11,6,63,79,33,75,25,12,87,59,59,80,4,34,5,74,35,0,50,61,62,62,27,74,78
74,2019-06-09,42,37,87,93,43,57,25,57,100,39,55,48,33,81,12,71,40,39,74,27,19,71,35,51,59,39,69,80,36,74,83,67,42,43,47,37,30,17,25,82,2,64,36,93,32,40,77,39,65,43,63,82,18,69,12,75,45,100,66,37,71,43,42,24,58,4,100,0,78,84,58,63,60,52,89,59,81,24,38,59,0,67,12,7,60,63,34,70,18,12,86,63,67,77,2,36,5,72,0,39,43,69,56,42,70,69,60
75,2019-06-16,34,39,92,87,43,50,35,58,74,73,70,45,21,72,13,73,55,44,92,38,39,83,31,51,20,37,80,77,35,67,86,76,54,53,46,44,0,27,18,86,1,65,68,86,41,100,82,26,67,48,51,86,20,57,23,81,35,31,69,25,59,24,27,18,58,4,68,0,86,82,67,82,46,60,80,30,80,0,43,66,0,77,13,8,62,56,31,70,11,24,77,75,55,80,5,39,5,81,0,0,47,82,64,74,60,71,70
76,2019-06-23,24,50,78,93,41,51,23,53,59,69,58,33,19,76,12,74,59,39,93,38,30,82,36,59,20,45,79,74,40,72,84,89,65,57,58,43,31,32,20,85,1,56,96,98,33,45,76,20,67,58,57,80,18,59,16,86,39,49,75,0,63,62,19,18,66,4,68,0,88,90,59,74,35,53,90,65,74,0,29,47,0,80,11,15,67,52,38,84,29,25,94,40,44,70,3,34,5,83,70,0,63,65,48,75,50,74,47
77,2019-06-30,25,47,89,79,57,46,21,60,61,35,69,29,20,64,13,70,54,64,66,27,30,85,33,59,42,35,90,70,40,81,70,35,50,53,51,44,0,89,18,95,1,50,91,81,34,58,72,75,65,100,100,77,19,46,25,70,41,18,63,0,65,38,28,20,77,2,67,0,77,82,46,70,45,50,81,54,69,0,23,48,0,81,11,16,69,51,28,66,15,51,66,81,70,68,7,39,4,73,0,0,76,77,50,61,51,66,60
78,2019-07-07,29,47,81,80,32,52,20,49,49,43,53,27,21,63,12,71,37,39,84,34,0,76,32,62,40,45,86,82,38,89,76,57,42,44,48,35,60,85,19,85,1,41,82,87,32,44,85,39,61,60,66,84,21,59,21,68,32,35,95,75,53,65,15,26,84,6,69,0,70,81,51,73,43,47,77,56,85,0,31,59,0,82,11,12,54,49,36,67,42,0,87,66,63,77,4,43,4,81,0,0,63,54,49,81,54,74,62
79,2019-07-14,29,45,84,78,56,58,25,51,45,54,73,26,28,71,11,73,44,40,82,26,29,93,23,44,60,42,72,81,44,63,80,73,55,50,45,42,0,91,21,85,2,70,100,91,49,40,83,86,68,55,89,90,20,58,19,76,37,44,73,0,64,56,27,26,87,4,64,0,74,85,50,63,41,56,85,53,81,0,46,27,0,75,11,10,66,49,31,69,25,12,86,64,60,75,5,34,5,72,35,0,92,76,59,43,44,80,79
80,2019-07-21,26,31,81,75,46,54,21,50,49,100,72,27,24,71,11,72,53,37,76,27,40,68,51,59,0,44,80,80,37,73,83,59,38,37,38,46,31,48,20,84,1,59,80,74,17,57,77,54,62,47,71,71,28,60,30,84,42,54,68,0,69,45,23,23,61,5,68,0,77,74,78,73,44,70,86,57,82,0,32,68,0,68,12,8,63,52,36,72,40,25,77,73,49,76,3,66,4,80,0,0,61,50,61,48,50,76,69
81,2019-07-28,22,37,83,82,41,50,28,51,55,60,61,22,27,56,8,73,39,38,73,34,50,64,40,61,41,36,79,79,52,83,100,54,46,46,38,44,31,48,20,87,1,57,88,87,17,41,83,20,66,48,69,75,28,57,22,79,28,27,76,26,55,35,8,30,63,5,65,0,75,80,64,65,60,46,79,58,85,0,20,27,0,81,12,6,59,48,30,74,40,38,76,73,45,85,4,48,5,87,0,40,66,67,51,40,11,75,74
82,2019-08-04,37,66,74,73,27,100,17,53,47,45,60,22,31,68,9,72,38,38,88,32,20,86,32,47,20,39,87,75,48,76,71,100,36,62,45,40,62,27,21,82,1,49,49,79,8,49,80,40,72,47,71,77,26,61,21,74,40,36,69,26,73,50,39,19,65,4,64,0,76,83,57,69,27,48,82,72,100,25,35,67,0,80,10,5,60,48,31,74,25,12,82,58,81,69,7,30,5,71,0,40,59,64,54,47,33,72,63
83,2019-08-11,39,42,77,83,34,51,28,46,70,76,51,20,28,66,9,71,40,38,69,31,86,74,27,59,39,39,66,71,47,70,91,57,55,50,46,38,0,26,19,85,1,60,49,80,40,27,78,45,74,45,68,74,76,59,48,77,26,39,76,12,63,38,37,25,61,4,67,0,80,76,75,70,37,53,86,70,78,48,33,91,0,66,13,5,46,51,31,66,24,12,75,62,43,75,6,43,5,77,0,0,33,64,44,57,37,80,91
84,2019-08-18,45,44,74,85,21,57,16,45,68,29,41,19,28,59,9,75,37,39,73,29,10,58,44,46,0,36,71,75,34,73,84,39,40,52,42,39,0,19,21,79,1,61,31,80,48,24,74,58,74,42,58,73,32,56,27,66,100,22,59,12,54,38,26,24,66,5,66,0,71,72,58,59,37,50,76,70,73,0,22,58,0,86,11,4,54,52,38,72,24,12,83,50,54,72,8,35,6,64,0,0,46,77,47,80,37,70,91
85,2019-08-25,60,52,73,81,19,46,33,43,52,87,51,17,29,72,9,70,38,40,60,34,37,62,23,50,0,34,64,68,39,71,70,42,29,51,41,37,0,28,19,75,1,51,55,89,23,45,73,37,76,38,56,65,22,55,17,67,38,17,56,0,82,46,14,23,67,5,58,0,70,77,42,68,38,55,77,46,69,46,28,31,0,73,8,4,50,46,32,66,20,12,76,60,60,69,2,35,4,74,0,0,53,53,42,33,51,71,61
86,2019-09-01,41,47,70,77,31,55,19,47,57,22,45,17,22,68,10,70,29,42,67,40,27,65,29,47,55,36,57,66,37,69,85,61,34,57,39,39,56,14,17,69,1,52,35,82,23,37,71,42,71,27,44,73,16,54,23,70,49,24,63,12,49,49,18,24,58,7,67,0,69,79,68,71,43,42,80,66,75,22,10,67,0,64,10,4,54,42,29,69,7,11,70,58,62,67,7,31,5,86,0,36,43,65,47,54,75,73,70
87,2019-09-08,36,41,76,83,35,49,13,40,60,44,43,17,13,56,8,72,44,40,65,30,17,57,23,44,72,32,51,72,37,73,63,63,24,44,34,36,0,9,18,65,1,51,39,75,44,65,80,71,68,23,45,71,21,60,22,71,30,20,55,34,43,44,3,27,82,7,57,0,65,67,54,56,29,60,72,37,71,44,20,47,0,55,10,3,48,48,23,70,10,33,79,49,57,72,6,32,4,69,0,0,31,47,46,56,24,67,65
88,2019-09-15,40,53,76,99,44,58,15,41,61,40,44,16,17,72,10,79,42,39,60,36,35,48,21,43,54,37,78,77,37,76,74,81,40,50,34,38,27,11,18,68,1,62,39,77,37,54,77,83,66,23,48,73,25,57,28,63,37,40,79,11,55,57,21,27,49,9,56,0,76,76,71,56,37,49,68,44,73,0,21,42,0,67,11,4,45,50,28,69,19,0,82,54,43,74,5,32,12,63,31,0,35,57,44,45,49,66,76
89,2019-09-22,47,53,73,74,32,52,21,39,41,45,37,16,26,63,9,74,26,39,66,39,18,57,100,52,37,38,65,71,44,69,67,53,25,43,37,35,28,11,19,65,1,49,32,67,22,62,89,48,62,23,68,74,32,61,16,61,26,36,64,35,47,42,21,21,55,25,58,0,67,79,53,63,24,43,95,41,78,0,8,42,95,78,9,3,47,49,32,68,16,22,80,49,54,61,3,32,6,61,64,0,32,67,42,46,50,69,59
90,2019-09-29,55,52,72,68,66,49,17,42,56,63,59,20,31,59,8,76,46,39,67,26,0,57,38,44,0,35,58,74,37,69,77,35,34,42,35,38,0,7,19,68,1,66,35,70,23,52,79,49,73,19,40,71,24,57,31,56,42,41,66,12,62,34,11,18,53,19,50,0,78,71,35,60,27,58,76,73,62,23,26,55,0,73,9,4,51,56,29,73,3,0,85,49,33,73,5,35,6,75,32,0,30,77,48,47,10,65,67
91,2019-10-06,49,50,73,71,55,54,21,40,41,63,54,59,26,68,9,80,50,41,56,32,45,57,18,43,18,37,58,87,35,60,84,81,32,75,36,37,0,7,18,70,1,60,29,64,8,52,79,54,61,16,22,76,22,55,23,59,29,20,66,46,55,49,7,26,56,13,54,0,77,74,47,58,37,45,80,55,65,0,20,49,0,69,9,3,50,53,32,73,10,11,80,51,51,68,5,29,6,64,0,0,27,51,50,36,30,78,73
92,2019-10-13,41,58,76,68,30,51,13,40,32,71,43,26,15,61,10,79,45,41,57,24,27,58,20,58,18,39,46,68,37,53,67,58,27,48,37,35,28,9,18,71,1,47,58,69,30,69,79,60,61,17,68,73,21,54,22,53,30,36,65,0,53,47,24,23,62,17,50,0,71,72,52,51,24,100,80,34,69,22,23,72,47,79,8,3,52,58,30,67,16,22,85,47,29,63,6,28,5,67,0,0,28,52,56,71,60,73,68
93,2019-10-20,55,45,77,88,18,52,9,41,38,39,48,23,30,62,9,81,49,38,56,30,17,59,20,54,0,35,46,70,35,77,71,86,30,42,25,38,0,2,16,67,1,58,37,67,29,58,74,30,60,15,31,76,38,59,13,57,30,32,62,23,43,42,7,23,44,12,59,0,76,72,56,66,39,59,72,71,72,22,9,30,0,63,8,3,48,62,28,71,10,0,85,45,46,63,8,33,5,56,0,0,34,49,51,49,25,62,94
94,2019-10-27,92,40,67,81,28,47,15,39,46,35,47,23,42,52,7,82,39,41,55,36,35,60,27,51,0,33,40,69,32,71,67,55,26,49,27,37,0,7,14,62,1,45,33,84,36,89,78,70,73,12,45,73,42,53,33,54,34,39,50,11,45,39,7,20,72,14,55,0,87,69,62,53,39,43,68,40,69,43,9,65,0,73,8,3,51,59,28,70,22,33,90,37,49,63,6,20,6,55,31,0,26,52,46,41,49,67,78
95,2019-11-03,41,39,77,78,33,62,15,41,47,27,44,20,39,60,9,80,34,41,53,35,53,63,27,51,18,42,45,73,37,58,81,53,57,45,32,35,0,7,17,68,1,52,41,61,37,73,71,18,68,13,36,77,42,64,24,57,26,36,65,23,39,51,3,15,73,10,54,0,67,81,48,61,24,49,68,65,67,22,8,96,0,75,9,3,48,66,31,66,23,22,88,48,72,72,10,27,4,62,0,0,25,57,44,53,30,75,54
96,2019-11-10,42,44,63,78,14,64,27,41,42,47,47,19,25,57,9,79,41,39,63,33,17,66,30,47,0,35,43,62,36,63,70,46,27,45,30,35,27,9,18,64,1,51,28,69,36,74,76,46,59,14,37,77,19,56,15,50,35,42,53,0,44,28,23,26,48,8,47,0,68,70,47,61,23,50,69,56,68,21,8,35,0,72,11,7,42,62,23,73,19,21,79,43,21,62,8,33,5,64,91,34,22,58,44,41,29,71,63
97,2019-11-17,45,48,73,80,26,51,17,42,44,100,49,18,25,57,9,81,39,40,62,33,35,59,21,54,0,36,44,64,42,63,57,55,43,36,26,38,27,4,18,65,1,56,38,63,66,68,77,29,70,12,64,71,27,54,23,50,34,16,50,23,55,54,31,26,43,8,47,0,63,70,46,54,36,44,73,47,66,22,17,53,93,57,11,7,44,66,37,68,28,11,75,33,42,64,10,29,5,66,0,0,24,48,41,42,24,72,59
98,2019-11-24,31,42,71,63,27,47,12,37,35,59,41,18,29,52,10,79,35,37,55,31,27,64,23,45,0,28,36,67,31,52,67,52,71,37,27,33,0,2,13,66,1,41,24,65,30,56,71,55,63,15,32,69,33,46,13,51,45,21,35,0,59,27,21,14,68,7,41,0,63,63,38,55,27,40,75,28,66,0,17,49,0,65,7,5,55,52,54,68,13,0,64,58,52,52,10,25,4,51,0,0,23,44,46,72,36,69,48
99,2019-12-01,43,51,66,88,23,59,18,40,62,77,51,17,27,55,9,80,20,40,55,27,43,70,19,45,35,34,35,70,37,52,66,56,27,39,25,35,27,2,14,63,1,52,41,68,14,56,76,23,65,12,33,70,28,55,25,53,33,23,43,22,44,34,7,23,54,6,40,0,65,61,43,53,43,40,72,39,62,0,12,81,0,65,9,4,37,65,39,63,25,32,75,43,31,64,26,31,4,64,0,0,28,43,46,48,38,65,62
100,2019-12-08,27,46,63,82,19,43,13,43,52,43,49,17,25,61,9,81,38,39,55,33,17,51,23,42,35,43,43,69,45,55,76,53,24,37,28,34,0,4,17,65,1,56,30,71,36,46,71,35,67,12,26,69,27,52,32,52,25,31,48,11,56,37,30,100,49,7,43,0,57,66,36,58,38,41,76,53,59,43,7,35,0,61,8,3,41,65,31,67,31,32,80,43,35,57,32,27,4,64,31,0,19,52,39,24,19,70,52
101,2019-12-15,25,33,78,89,27,52,17,46,50,58,52,16,30,62,10,75,13,41,67,30,27,60,24,62,18,35,40,64,41,60,57,59,32,40,25,35,0,4,18,61,1,40,28,82,30,55,77,6,60,13,37,77,20,52,27,58,32,36,58,35,52,47,24,60,66,7,44,0,66,69,50,62,40,45,84,48,68,0,8,24,0,70,8,3,45,63,40,76,6,22,76,46,65,58,47,30,5,71,0,36,29,57,39,36,30,73,67
102,2019-12-22,21,37,74,58,37,58,25,46,67,45,51,17,46,67,10,78,24,42,60,37,40,74,18,43,62,32,63,62,48,62,79,66,66,46,40,36,0,3,15,88,1,49,32,87,0,53,79,54,81,19,63,82,38,48,38,64,36,23,54,26,56,68,16,27,54,10,44,0,79,87,57,65,48,40,96,38,80,0,20,75,0,74,11,3,60,64,33,66,18,13,66,61,45,61,84,37,4,76,0,0,33,42,50,72,39,91,60
103,2019-12-29,27,47,79,66,52,49,20,53,42,46,51,19,36,69,11,82,41,48,62,38,18,66,25,50,0,31,45,67,44,71,71,50,50,60,29,38,0,2,18,69,1,39,44,76,16,61,91,81,69,21,41,76,31,48,20,67,33,42,60,36,58,46,25,25,64,100,56,0,78,86,61,68,41,42,85,57,73,23,13,25,0,62,9,4,60,63,35,75,10,23,71,68,53,70,31,30,5,71,0,0,31,53,53,89,31,77,63
104,2020-01-05,36,51,75,72,29,45,25,54,26,47,51,19,37,45,14,88,56,42,63,33,43,63,27,42,35,36,31,70,33,59,70,37,36,43,31,36,27,9,16,54,1,41,30,70,36,46,71,23,65,14,35,67,26,54,12,61,31,19,52,22,45,36,40,18,56,62,48,0,60,76,47,71,38,46,80,75,62,21,28,23,0,70,9,3,48,64,36,80,12,21,73,48,38,73,4,25,7,74,0,0,30,41,44,44,33,60,47
105,2020-01-12,48,36,70,70,40,40,9,54,47,53,48,17,31,55,14,91,31,41,62,32,41,57,19,55,33,33,29,70,32,72,73,68,36,44,28,37,0,4,17,55,1,45,35,70,48,67,68,27,72,12,31,77,22,48,20,58,20,15,64,11,56,39,19,23,50,44,55,0,60,71,50,68,63,45,71,87,66,0,17,83,43,65,8,3,41,67,100,67,33,10,76,44,56,66,2,28,7,72,0,0,27,37,41,36,55,55,71
106,2020-01-19,29,60,74,69,43,45,11,54,46,64,53,20,39,55,13,88,43,40,59,34,8,52,30,39,35,41,27,68,42,57,69,49,52,43,22,39,26,6,19,57,1,37,30,75,36,52,74,17,71,13,37,79,32,53,12,67,31,46,66,11,55,38,13,19,55,43,50,4,62,71,54,66,40,42,71,62,72,0,13,52,0,75,9,3,46,66,98,69,9,0,80,57,69,67,4,21,5,66,0,34,31,100,46,61,33,58,53
107,2020-01-26,36,35,63,71,27,40,27,100,52,46,54,18,28,56,9,87,35,44,55,29,25,62,26,41,17,38,19,63,39,50,82,69,23,42,22,36,26,6,17,54,1,32,31,65,35,51,70,51,70,14,37,64,24,48,18,63,35,15,45,11,51,48,16,21,76,34,50,13,54,70,54,57,27,40,65,80,66,21,6,45,0,67,9,2,39,66,48,64,15,10,75,44,34,57,3,22,5,67,0,0,23,43,36,76,37,53,57
108,2020-02-02,53,45,72,70,15,52,14,51,46,46,48,17,45,48,10,97,45,40,58,29,42,69,38,63,35,33,26,62,35,65,68,50,18,40,25,33,0,8,17,57,1,44,29,77,14,42,67,28,75,14,30,67,15,51,33,54,29,38,52,22,55,38,26,21,64,38,46,8,58,72,49,69,33,47,80,55,62,21,21,40,45,73,9,3,39,74,30,56,15,11,71,37,17,56,3,25,5,67,0,34,27,41,51,74,38,57,55
109,2020-02-09,39,57,72,68,32,49,18,49,36,33,40,18,40,52,9,82,27,42,59,30,66,57,26,50,51,37,31,70,34,58,82,55,36,41,29,34,26,2,15,60,1,52,32,76,35,55,73,45,72,15,48,71,17,50,28,65,28,30,50,22,78,71,23,23,59,40,47,6,60,70,44,66,25,47,69,51,70,21,14,51,0,75,9,3,41,75,37,66,27,0,78,44,61,58,2,31,4,71,0,0,25,40,48,40,42,59,59
110,2020-02-16,38,53,71,86,29,43,19,50,54,62,57,20,34,67,9,95,49,46,54,29,25,75,27,46,0,36,45,77,37,55,92,53,48,43,33,37,26,4,17,65,1,60,32,65,48,48,70,73,73,15,57,76,38,48,24,63,30,45,46,21,43,33,23,23,75,34,53,4,67,73,37,64,37,49,71,51,67,0,20,67,0,66,8,3,55,76,53,64,18,10,83,46,37,73,3,62,9,65,0,0,19,40,42,66,37,68,62
111,2020-02-23,35,43,67,73,24,42,19,52,51,44,49,21,29,61,9,92,38,44,52,29,72,53,24,50,0,38,24,62,40,64,73,35,16,38,34,30,100,8,19,58,1,55,28,77,13,59,67,43,68,14,31,65,34,52,32,59,26,33,45,21,48,60,13,24,64,33,50,16,52,73,48,61,36,47,67,65,68,0,17,60,0,68,9,3,40,77,30,60,12,30,68,44,26,61,2,39,5,68,29,0,27,56,40,48,36,55,59
112,2020-03-01,44,39,67,66,13,51,12,49,48,40,53,21,29,59,9,93,33,42,53,31,48,59,26,43,33,32,43,70,38,47,66,55,24,71,24,30,25,4,24,57,1,33,43,64,7,56,65,75,71,14,41,67,37,49,14,56,26,36,45,21,47,56,19,16,54,32,49,31,51,66,42,56,40,48,69,58,67,20,11,32,42,58,11,2,37,68,34,58,12,10,70,54,48,56,4,57,4,60,0,0,24,47,53,63,31,53,62
113,2020-03-08,59,37,67,62,13,62,17,62,44,63,57,19,50,56,9,89,28,51,42,33,39,57,17,40,48,23,38,46,36,47,60,42,3,52,30,34,25,8,14,59,1,35,32,66,13,26,56,32,70,13,15,58,22,38,31,52,22,7,44,0,54,47,22,18,48,37,38,74,45,60,29,58,30,36,66,45,53,0,13,53,42,42,9,3,34,57,44,41,17,0,53,42,42,56,4,28,4,50,0,0,23,42,39,56,22,44,46
114,2020-03-15,18,28,68,60,4,51,12,47,43,35,41,20,28,48,7,97,16,39,33,100,39,52,22,39,0,10,22,23,31,32,61,29,5,49,28,27,0,4,12,45,1,40,19,47,7,6,36,21,62,9,26,38,11,20,14,38,19,11,32,41,42,47,28,25,50,41,27,100,23,52,32,59,16,19,66,48,54,20,18,37,42,29,9,3,23,38,22,25,20,30,22,52,48,37,3,26,4,50,0,0,28,48,44,19,44,21,33
115,2020-03-22,21,38,57,52,0,45,13,33,18,34,40,19,33,44,6,94,27,31,29,50,15,52,23,29,16,5,14,22,31,31,51,28,0,43,19,19,0,2,10,35,1,27,13,62,38,16,32,0,60,9,42,31,10,19,19,37,15,17,35,20,39,32,21,27,53,30,25,76,27,45,27,50,23,16,45,38,46,0,12,41,0,20,7,3,20,53,20,18,3,0,21,23,49,36,3,21,4,39,0,0,24,33,34,42,13,17,41
116,2020-03-29,22,22,54,56,1,49,14,32,32,34,39,20,64,44,6,86,11,30,33,78,38,46,27,35,15,7,10,24,29,30,65,33,0,42,24,21,71,4,11,35,1,31,12,65,13,31,35,5,53,10,56,36,10,20,30,35,19,34,33,10,49,34,29,24,51,31,32,60,23,48,21,52,45,16,51,35,51,0,18,31,0,14,8,3,17,40,19,17,14,0,20,20,46,35,3,26,5,31,0,0,28,35,41,33,13,17,31
117,2020-04-05,24,27,65,60,1,41,13,32,31,65,49,20,100,50,7,82,32,30,20,66,23,57,14,30,0,8,11,24,31,38,60,49,0,32,27,20,0,10,12,36,1,39,12,60,13,25,31,16,56,10,38,35,10,18,21,37,18,10,24,20,36,46,45,28,44,32,26,56,24,52,25,46,16,17,42,44,49,0,13,21,0,17,8,3,18,41,20,17,11,0,20,21,53,36,5,27,4,41,0,0,21,35,41,37,4,17,34
118,2020-04-12,26,82,50,51,0,35,9,35,29,26,39,24,72,47,6,76,17,26,27,30,44,43,22,38,0,7,10,24,29,38,56,23,0,30,21,20,0,4,12,35,1,51,15,58,31,24,31,5,62,10,32,31,10,19,20,33,19,10,31,19,55,51,37,15,45,33,29,42,21,47,26,44,37,17,41,20,45,0,27,64,39,17,8,3,25,38,19,19,16,0,21,14,45,36,3,22,10,34,0,0,20,34,34,38,45,16,30
119,2020-04-19,32,100,53,53,0,44,8,36,31,26,39,22,79,44,6,75,22,28,32,46,7,49,27,31,0,6,18,22,32,29,54,50,0,36,25,17,0,11,13,34,1,37,14,54,0,15,32,20,56,11,33,31,10,20,11,34,39,37,23,19,43,22,23,15,51,39,28,36,22,52,24,51,20,21,46,71,40,19,20,50,0,19,7,3,21,42,22,22,8,0,19,26,54,33,1,39,6,48,0,0,25,36,36,35,25,15,34
120,2020-04-26,24,35,48,55,1,47,6,35,23,26,41,25,44,47,6,77,30,29,37,41,37,40,26,40,15,8,18,27,27,39,62,33,0,41,17,18,0,17,12,38,1,44,15,58,0,30,32,10,65,12,46,32,10,20,18,38,25,17,39,0,55,42,52,14,52,35,27,21,27,47,26,42,24,21,46,51,47,0,20,15,0,14,8,2,19,38,25,20,5,0,18,20,60,35,2,27,5,47,0,0,21,43,34,26,12,19,29
121,2020-05-03,27,33,57,68,1,53,20,36,34,33,42,27,43,52,6,74,22,30,35,35,44,57,21,35,15,7,14,28,32,41,60,30,0,30,22,19,0,9,11,40,1,37,14,58,12,24,35,5,63,13,85,30,10,19,23,40,24,50,30,48,45,39,38,26,43,34,28,18,27,60,30,51,42,21,44,51,46,0,28,30,0,19,10,3,21,38,22,25,27,0,46,17,99,40,2,26,5,45,0,30,17,45,44,62,12,20,49
122,2020-05-10,28,36,56,63,0,53,14,35,37,34,45,61,33,51,5,78,76,27,31,35,15,33,19,43,0,7,17,28,36,40,65,34,3,34,27,21,0,6,13,42,1,35,20,58,19,22,35,5,69,13,66,32,10,19,27,38,25,17,31,20,40,41,35,18,54,32,28,16,27,55,26,47,29,25,47,32,45,0,32,41,0,18,9,3,23,36,20,23,14,9,19,24,40,34,4,27,4,54,0,0,26,57,33,63,17,16,37
123,2020-05-17,30,35,51,62,1,63,21,34,48,19,39,87,36,46,7,77,43,27,27,39,38,46,32,46,0,8,15,25,37,33,65,40,0,30,25,20,24,17,12,46,1,48,8,72,13,34,41,10,63,16,54,36,10,21,27,38,26,10,31,29,44,43,6,27,62,39,28,13,29,56,24,49,25,17,53,70,54,0,27,46,0,22,8,3,21,34,19,24,22,0,24,21,46,37,3,28,4,58,0,0,23,55,36,27,30,19,29
124,2020-05-24,29,37,58,72,0,45,20,39,39,39,58,61,38,57,7,74,44,37,37,31,39,43,25,51,16,8,16,25,38,35,70,52,0,32,27,21,0,24,13,50,1,39,26,69,7,42,36,11,70,18,61,31,10,23,20,41,29,28,74,51,48,45,28,18,67,39,36,11,27,58,28,59,35,24,41,45,51,20,19,32,0,18,8,3,22,33,27,26,26,0,20,33,64,46,1,32,5,52,0,0,35,49,36,75,22,20,48
125,2020-05-31,24,28,64,63,0,85,16,36,43,34,77,42,31,100,7,67,31,79,36,36,45,64,23,58,0,12,17,28,34,43,71,49,0,97,24,22,23,21,17,54,1,39,14,71,37,49,48,5,71,15,43,38,13,22,21,46,31,17,65,19,58,43,29,13,76,45,38,8,26,73,35,56,42,19,64,46,74,19,31,40,0,31,10,2,27,40,38,28,19,0,23,35,55,38,3,31,4,49,27,0,41,51,46,56,33,92,50
126,2020-06-07,30,26,68,68,1,80,18,39,53,12,53,34,47,81,6,70,32,46,39,33,54,65,22,49,16,6,17,30,48,35,71,30,0,51,26,23,0,17,16,58,1,43,31,84,52,41,43,21,71,23,42,37,16,24,29,46,22,17,57,20,50,46,27,25,94,36,36,9,33,64,27,53,34,23,55,59,65,0,20,47,0,22,8,2,23,39,29,30,8,10,24,35,31,42,2,34,5,57,0,0,48,60,43,52,52,24,42
127,2020-06-14,19,29,74,72,0,64,20,40,35,32,56,25,57,61,8,74,42,39,34,37,55,70,23,57,16,9,20,29,43,44,72,57,0,42,34,22,25,22,16,64,1,41,18,80,7,33,44,16,74,20,43,40,18,24,30,44,22,18,49,10,49,34,22,24,65,37,41,9,29,70,25,77,61,19,54,52,60,0,20,75,0,26,11,2,25,40,45,26,6,30,30,28,29,52,3,32,5,52,0,0,42,70,38,41,22,26,46
128,2020-06-21,19,24,74,89,1,59,21,42,37,69,54,23,61,59,6,73,46,55,35,32,41,80,26,63,0,17,22,34,48,48,88,62,0,43,32,29,26,21,15,61,1,40,21,93,7,47,48,11,75,23,90,52,53,25,37,53,22,37,40,42,56,55,38,22,75,43,42,11,32,79,37,63,53,21,81,72,66,0,21,55,0,27,10,2,29,41,34,30,9,10,36,39,60,54,3,28,5,55,0,0,40,61,44,55,37,34,59
129,2020-06-28,24,30,73,75,1,61,16,41,53,21,73,20,42,67,5,74,42,40,33,33,42,71,31,65,0,13,25,30,40,51,69,62,3,39,34,27,26,42,19,64,3,48,14,85,28,51,46,6,81,32,75,41,55,25,33,51,23,41,45,11,64,56,20,15,68,46,39,12,36,75,100,56,12,22,80,45,67,0,28,56,0,24,9,2,31,39,32,29,6,10,36,34,27,49,4,31,5,67,0,0,45,51,43,46,28,30,54
130,2020-07-05,22,33,71,80,0,71,18,39,39,66,51,17,38,58,7,67,42,32,39,33,8,65,40,64,17,12,30,36,47,38,87,49,0,42,29,30,0,33,17,64,4,34,27,86,7,51,48,11,78,30,77,46,48,32,37,50,30,30,52,22,65,54,23,31,58,46,40,12,39,76,44,61,52,17,72,64,71,0,33,68,0,26,10,2,31,38,33,30,21,10,36,36,61,51,2,36,5,63,30,0,45,70,43,26,51,39,48
131,2020-07-12,22,30,72,85,0,46,19,39,51,58,74,17,28,57,5,71,20,28,53,35,41,62,19,61,0,10,27,66,39,100,73,50,0,49,34,27,0,33,17,60,2,49,28,73,35,24,48,0,68,25,71,49,34,31,100,54,27,26,38,22,73,42,20,24,67,48,40,12,33,87,41,53,30,30,74,89,68,0,16,34,0,25,11,2,31,35,36,34,21,31,39,33,41,55,3,49,5,52,0,100,47,72,50,43,42,36,59
132,2020-07-19,19,25,75,88,1,55,20,41,46,84,73,17,45,52,7,73,62,32,47,33,25,68,27,59,0,12,23,44,41,55,67,65,2,42,37,28,0,25,31,61,2,41,34,83,14,52,58,23,60,27,76,48,73,30,27,51,21,11,39,11,65,52,23,26,51,42,42,9,30,73,47,60,25,25,71,61,64,0,25,74,0,23,11,2,33,35,33,32,15,10,42,30,72,62,3,42,5,57,30,0,49,59,56,43,23,38,65
133,2020-07-26,20,38,81,82,0,54,16,41,42,25,53,17,41,60,7,75,28,32,50,34,8,63,32,43,0,14,18,37,44,52,71,60,0,42,33,26,0,21,22,63,1,45,28,87,0,66,55,6,64,24,61,48,62,28,24,56,27,27,44,11,88,49,20,19,75,47,36,8,29,74,42,53,33,32,70,59,72,43,48,40,0,26,11,2,33,36,29,35,19,0,42,36,52,59,6,32,6,65,0,0,62,53,45,74,19,39,53
134,2020-08-02,32,49,68,88,2,48,21,44,59,42,53,15,48,64,7,65,32,32,46,32,66,61,21,48,17,16,21,40,37,47,95,74,0,36,33,27,0,27,15,63,1,41,26,90,7,68,55,11,58,20,53,62,35,27,25,50,30,19,47,54,73,44,39,20,77,61,46,7,37,70,49,65,45,23,70,64,63,0,25,79,0,30,9,2,33,35,32,37,12,31,42,30,41,57,6,33,6,68,30,0,46,58,38,56,51,38,54
135,2020-08-09,23,48,72,76,1,54,23,56,36,45,47,14,46,68,5,69,39,26,42,38,49,55,23,39,0,13,19,36,43,55,75,58,5,39,37,27,0,23,13,60,1,33,31,82,0,81,56,11,61,20,50,69,23,29,31,55,23,11,43,21,75,52,29,15,76,56,46,6,31,75,48,57,54,25,67,54,63,0,23,45,0,32,9,2,33,34,30,37,24,10,49,24,64,62,4,30,9,64,59,0,41,51,56,66,23,41,48
136,2020-08-16,22,45,67,77,1,59,21,44,32,33,51,15,62,59,5,71,56,30,46,44,41,54,18,49,17,14,24,40,47,57,73,37,0,43,35,30,0,17,15,59,1,26,19,84,28,61,52,17,67,20,79,58,21,28,24,51,19,30,44,32,59,56,32,29,56,57,43,5,27,74,40,61,39,21,69,73,69,62,45,84,0,30,11,2,34,32,29,38,24,0,43,29,70,51,3,36,6,66,0,0,46,49,51,85,18,40,56
137,2020-08-23,31,36,68,66,2,58,17,37,27,20,56,14,51,55,8,70,33,33,44,35,24,48,29,43,0,18,23,40,43,44,78,47,0,41,28,27,49,14,15,56,1,33,22,83,7,45,55,11,65,19,61,56,30,31,18,48,17,18,50,20,68,55,37,19,59,54,42,4,24,70,40,57,54,27,64,79,59,39,98,59,0,21,8,3,30,32,28,39,17,30,43,25,48,53,6,30,6,61,0,0,30,49,44,85,57,35,48
138,2020-08-30,44,32,74,73,0,59,28,43,58,43,51,13,28,56,6,72,35,31,35,33,39,63,25,38,16,10,23,40,37,48,69,48,0,34,28,26,0,31,17,59,1,31,28,81,7,35,53,16,64,18,43,60,24,27,22,50,23,25,58,20,62,49,21,16,64,58,39,4,32,73,48,56,42,23,69,63,60,19,78,47,0,30,9,3,31,33,28,41,17,19,48,25,38,56,3,30,5,40,28,0,35,47,37,31,56,37,50
139,2020-09-06,26,60,70,66,1,53,20,37,50,24,52,13,46,56,8,75,35,32,41,41,0,56,20,46,16,18,29,43,36,51,79,60,2,43,32,31,0,36,15,61,4,36,21,68,26,36,57,0,68,16,48,58,23,32,37,56,26,46,48,41,58,39,12,19,59,51,43,4,41,88,40,47,21,27,67,70,59,20,50,48,0,32,9,3,31,35,29,39,20,10,56,28,45,63,6,25,5,55,28,32,32,48,43,41,18,36,67
140,2020-09-13,26,37,67,73,1,48,10,36,49,15,56,12,30,49,6,73,39,36,37,37,54,64,34,46,0,15,17,43,38,53,62,68,2,38,28,24,0,21,14,57,2,38,19,67,6,41,56,0,71,14,34,51,41,30,28,45,16,35,40,30,58,39,30,18,55,45,39,4,38,62,40,59,39,25,60,92,61,39,54,37,0,20,10,2,26,34,28,35,31,0,48,24,38,52,9,26,5,56,0,0,27,38,36,34,4,38,44
141,2020-09-20,29,16,68,66,0,54,23,35,63,24,44,12,51,54,6,76,47,36,42,38,16,58,18,37,0,17,21,43,37,43,73,55,0,39,27,26,49,14,15,58,1,41,17,69,0,32,54,0,66,12,52,49,65,32,27,50,29,25,46,10,62,51,9,21,62,55,38,4,35,65,50,49,28,25,60,82,60,20,50,32,84,22,11,2,26,36,24,34,32,20,48,24,55,52,5,28,5,52,0,0,24,47,33,50,26,39,47
142,2020-09-27,26,47,59,78,0,46,17,33,76,21,51,13,73,54,5,71,32,32,41,38,33,51,28,47,17,14,20,40,38,44,70,64,0,37,31,23,26,10,13,57,1,34,22,65,7,47,54,17,68,12,52,52,46,33,25,48,43,30,50,43,67,51,16,17,57,54,38,4,33,63,37,44,42,24,63,60,64,21,34,50,0,28,9,2,29,34,25,33,30,0,55,24,50,50,3,27,5,64,0,0,24,38,33,36,32,38,43
143,2020-10-04,30,38,65,84,4,47,26,36,60,34,50,12,52,47,7,83,43,31,40,99,17,46,25,42,0,18,24,42,42,46,59,41,0,43,29,29,0,9,14,63,1,32,21,77,7,25,50,12,71,13,38,51,19,31,31,56,36,16,43,45,71,52,17,19,65,49,39,4,32,67,26,66,26,20,82,69,64,0,54,53,0,31,7,2,32,35,24,35,25,22,53,31,53,53,4,28,5,66,0,0,28,36,46,75,43,43,47
144,2020-10-11,29,38,64,73,1,46,16,34,37,28,47,13,49,49,6,77,30,35,41,64,18,46,31,40,0,14,22,45,35,38,69,51,0,41,26,26,0,12,14,62,2,33,26,65,0,34,55,19,70,12,43,48,23,34,25,46,22,13,34,24,49,42,47,18,52,55,36,4,30,73,36,55,36,35,66,53,64,46,49,56,0,26,10,2,27,33,23,40,10,0,50,34,53,45,3,27,27,51,0,37,17,47,45,70,46,39,40
145,2020-10-18,27,38,65,76,1,62,20,35,63,38,52,12,41,54,6,84,37,35,38,56,57,60,25,50,39,18,25,39,40,44,58,39,0,37,23,24,0,10,13,63,2,32,24,76,8,35,57,19,78,10,55,51,37,28,22,50,18,17,42,62,53,57,26,19,55,55,32,4,38,72,30,58,28,21,76,40,63,0,41,45,0,26,8,2,30,40,27,43,10,12,55,27,58,62,3,28,7,59,0,0,26,51,35,46,37,41,62
146,2020-10-25,28,34,66,72,0,65,14,33,62,60,52,15,42,62,6,84,22,39,40,41,71,64,29,46,0,16,22,43,36,39,80,35,0,38,19,24,0,12,11,58,1,40,29,77,8,23,54,6,64,10,38,45,32,27,22,47,18,20,46,24,38,74,22,15,60,54,40,4,31,62,32,51,41,16,63,85,59,0,28,33,0,21,7,3,27,37,27,37,14,12,46,23,50,40,6,28,17,64,0,0,21,32,36,19,29,32,31
147,2020-11-01,17,19,54,55,2,47,23,26,39,17,42,10,43,41,5,64,27,35,34,29,89,44,15,39,0,13,15,29,34,34,59,34,0,28,18,18,49,2,10,45,1,23,19,54,13,25,39,0,52,7,24,40,23,22,8,37,15,14,38,20,47,33,9,13,49,43,31,3,27,51,27,38,32,18,59,83,53,0,17,22,0,27,6,2,20,28,17,31,9,29,35,16,45,35,3,23,6,46,0,0,16,26,28,31,28,29,32
148,2020-11-08,29,24,65,64,1,57,17,39,23,28,47,11,61,44,6,75,38,32,43,34,50,47,23,40,37,15,12,37,46,43,64,95,0,33,17,25,27,4,13,55,1,31,19,56,15,39,55,6,72,10,63,48,15,28,16,44,24,15,41,34,45,22,28,15,59,53,33,5,30,63,28,55,38,26,61,53,58,22,29,31,0,21,9,2,21,35,24,37,29,11,48,29,47,40,7,31,7,47,0,0,17,36,32,35,27,36,58
149,2020-11-15,21,24,63,86,0,60,12,33,34,25,56,12,44,46,12,86,19,29,48,28,9,63,25,39,0,10,12,32,97,32,70,58,0,36,17,24,0,5,11,55,1,39,20,82,23,15,56,0,66,11,33,55,20,28,13,53,24,24,42,12,59,43,22,22,50,55,79,6,31,59,35,56,43,38,59,74,55,23,30,53,0,23,7,2,29,38,27,32,14,23,40,18,50,39,14,32,9,53,0,0,23,27,44,37,38,34,34
150,2020-11-22,24,41,53,61,0,41,18,30,47,45,45,13,40,49,13,76,19,29,25,35,36,41,28,34,0,14,13,25,100,36,63,62,0,43,19,24,0,0,14,56,1,28,27,75,23,45,54,12,62,10,31,43,25,24,27,42,22,0,37,12,58,41,22,14,50,61,43,4,33,55,33,46,24,25,67,71,59,0,23,47,0,22,5,2,19,32,26,31,14,0,36,24,77,37,11,24,33,51,0,0,27,36,34,30,39,32,30
151,2020-11-29,25,20,60,74,1,46,24,31,51,19,36,12,34,48,8,80,18,25,37,29,34,47,28,38,0,12,12,33,81,43,72,68,0,38,17,23,28,2,11,54,1,30,13,66,7,25,49,6,65,10,24,45,40,23,24,45,21,23,28,11,48,30,35,15,49,49,29,4,24,63,33,52,38,20,60,70,57,0,37,13,0,17,8,2,19,36,23,48,10,0,33,35,62,39,28,27,28,47,0,0,31,35,31,46,50,30,40
152,2020-12-06,23,30,57,74,2,56,19,31,44,10,36,13,34,54,8,82,39,25,40,31,59,65,32,36,19,12,9,31,63,35,59,57,2,34,19,22,0,2,14,51,1,34,22,69,22,11,45,12,68,12,34,45,30,27,37,47,18,23,29,34,40,59,38,14,54,46,29,4,30,65,23,60,39,19,60,47,57,0,26,32,0,21,7,2,19,35,22,49,33,0,42,32,44,44,24,24,22,61,0,0,19,25,40,39,23,36,35
153,2020-12-13,26,26,66,63,0,63,23,33,29,20,66,13,50,47,9,79,45,24,32,30,78,45,19,32,0,10,15,32,69,36,71,32,0,34,20,23,0,0,11,53,1,33,28,76,0,30,45,30,71,12,25,47,27,25,40,42,27,24,33,12,48,43,29,41,72,57,26,4,26,64,38,47,13,24,66,38,51,0,15,46,0,21,8,2,18,37,25,29,13,0,30,32,68,36,31,26,22,56,0,0,25,27,36,29,42,33,32
154,2020-12-20,17,30,63,64,1,62,27,32,42,42,69,14,64,49,7,70,20,21,34,38,47,66,18,35,21,10,14,26,62,39,59,61,0,39,17,22,61,7,13,53,1,37,10,78,16,28,53,0,70,12,27,46,34,28,52,46,20,13,28,0,52,56,23,14,52,69,32,4,26,62,31,54,43,23,67,37,55,0,16,42,50,22,10,2,19,29,22,24,7,48,34,32,65,39,32,33,11,51,0,0,20,39,41,47,15,40,33
155,2020-12-27,18,34,64,74,1,39,23,36,48,25,52,17,35,44,6,75,32,23,34,35,18,62,28,40,0,13,17,30,59,38,67,52,0,35,20,26,29,7,14,59,1,32,14,69,8,26,49,18,76,13,51,45,26,22,19,40,35,16,32,12,45,59,33,22,45,70,24,4,33,69,32,57,40,12,68,46,48,0,21,33,47,29,10,2,24,28,26,26,14,23,31,33,42,40,19,26,11,56,0,0,24,33,38,56,38,97,31
156,2021-01-03,18,30,55,73,0,48,15,43,26,9,40,20,35,53,7,77,30,100,40,28,25,62,21,37,0,12,12,30,64,35,83,38,0,35,20,18,0,0,11,46,1,35,20,69,7,39,45,12,73,9,62,42,24,26,27,41,18,30,30,11,64,56,17,15,58,57,31,3,32,62,30,42,23,11,63,46,53,0,30,12,0,21,9,2,16,31,19,26,13,11,33,29,40,39,5,26,7,57,0,0,25,45,24,38,13,91,40
157,2021-01-10,22,18,59,66,0,48,18,46,35,14,41,18,46,42,6,84,25,61,38,28,58,46,21,43,0,13,11,28,54,38,79,51,0,39,22,21,0,2,13,47,1,26,24,63,29,32,50,12,72,11,72,39,23,28,24,42,20,31,24,11,44,47,27,23,55,59,35,3,29,62,32,54,56,25,62,59,52,0,22,56,0,18,10,2,23,37,25,27,22,22,39,33,54,40,2,30,18,66,0,35,24,37,34,18,41,83,47
158,2021-01-17,23,23,61,70,2,46,13,43,33,33,46,41,38,43,6,80,21,49,48,27,59,52,31,48,18,13,11,32,56,35,67,46,0,30,23,20,0,4,15,48,1,41,19,69,7,29,45,12,72,9,44,39,26,26,24,42,19,27,28,0,63,59,10,13,46,62,31,3,31,61,32,53,18,15,68,67,54,22,12,13,0,18,11,2,25,38,22,29,23,11,42,22,58,38,3,31,9,69,0,0,14,42,35,50,27,39,43
159,2021-01-24,27,24,58,71,0,41,17,39,57,14,44,23,51,53,5,82,26,35,33,31,42,64,21,35,0,13,9,31,59,34,59,28,0,31,20,18,0,9,13,47,1,43,22,75,15,36,47,12,76,10,32,44,34,28,24,44,28,23,41,34,51,46,17,20,53,57,26,3,30,63,29,47,28,32,54,77,55,22,17,32,0,20,10,3,20,50,16,30,19,11,40,22,88,35,4,25,7,56,0,0,19,33,36,46,32,32,38
160,2021-01-31,29,33,57,62,0,41,17,42,46,29,35,26,34,49,5,88,13,29,33,34,34,53,24,38,19,14,9,33,52,40,62,56,0,33,15,22,28,2,15,48,1,35,19,68,8,26,48,18,77,10,35,40,35,26,23,44,18,16,34,23,49,51,11,16,57,56,33,2,33,60,28,53,26,24,57,34,54,0,12,45,0,18,12,2,19,41,18,29,13,44,54,25,30,41,3,30,100,55,32,0,20,37,33,54,37,39,33
161,2021-02-07,28,12,62,81,0,44,13,42,50,43,48,23,41,45,5,80,26,39,26,26,51,54,27,45,19,12,10,34,44,36,77,60,0,36,17,19,0,11,14,55,1,28,22,69,23,66,49,6,68,12,37,41,30,29,29,40,20,12,22,12,45,64,18,19,50,52,27,2,31,57,27,51,29,21,61,48,63,0,26,52,0,26,12,2,24,41,19,28,20,0,44,25,78,46,5,23,16,58,32,0,18,28,47,43,33,35,52
162,2021-02-14,24,34,65,68,1,42,17,44,42,15,50,21,50,55,7,84,40,24,40,35,61,42,25,52,0,14,9,30,49,39,81,44,0,28,21,22,0,0,13,55,1,30,22,73,0,63,48,18,79,12,45,44,28,31,33,45,33,8,39,24,52,74,18,18,67,56,30,2,34,68,27,58,37,19,66,45,51,0,25,52,0,27,9,2,23,41,21,33,20,22,37,30,26,41,2,32,7,55,0,0,20,40,47,22,24,36,38
163,2021-02-21,33,22,60,70,0,49,15,45,40,34,46,20,41,53,6,81,37,24,35,30,17,46,21,51,0,9,16,34,41,41,67,32,0,40,17,24,56,2,13,57,1,36,16,70,15,40,43,24,70,11,42,43,30,26,25,44,16,12,33,12,47,60,25,21,67,61,34,2,35,67,35,63,50,28,57,58,55,0,22,39,0,25,7,2,19,46,24,34,3,11,44,37,60,43,2,34,6,63,0,0,21,35,40,22,28,35,37
164,2021-02-28,24,22,66,72,9,39,27,45,42,10,49,18,54,53,5,79,19,28,41,34,69,45,24,40,19,19,13,35,51,42,84,40,4,34,23,24,0,14,16,58,1,33,22,74,15,33,47,12,85,12,40,47,38,28,28,48,24,24,33,12,48,27,39,16,64,60,34,2,30,67,28,54,29,21,67,83,68,23,18,46,0,30,11,3,29,45,23,34,13,34,37,20,41,44,3,24,6,57,0,0,16,49,39,37,47,35,62
165,2021-03-07,29,23,61,68,7,44,8,44,38,19,50,17,45,51,11,81,50,24,35,35,51,58,28,44,37,16,20,39,44,41,69,37,11,37,29,21,0,9,16,59,1,32,22,69,8,44,49,12,75,14,34,44,29,27,44,47,23,20,36,12,52,57,42,17,75,65,33,2,32,68,34,54,26,29,50,68,58,0,24,38,0,19,12,8,30,45,19,43,10,22,45,26,67,44,4,33,5,52,0,0,29,48,35,29,23,40,34
166,2021-03-14,30,24,62,72,6,46,23,47,36,36,42,16,69,52,7,79,22,23,41,40,32,58,27,44,18,15,15,39,40,31,85,39,5,38,24,25,26,6,20,65,1,45,14,74,0,31,50,22,85,13,37,43,33,31,15,45,18,15,34,0,41,100,30,26,86,65,33,2,36,62,32,52,32,18,56,70,59,0,26,24,0,31,12,4,23,40,24,32,12,42,47,38,45,37,2,31,6,55,0,34,22,48,28,34,70,39,40
167,2021-03-21,28,39,61,68,10,50,15,49,26,38,43,16,41,56,7,83,18,28,49,35,8,51,30,46,0,14,17,41,46,37,64,50,4,35,31,23,0,5,17,69,1,42,9,72,22,29,45,41,83,16,51,45,22,31,11,50,13,20,31,58,50,55,45,29,75,65,37,2,32,68,38,37,49,25,70,61,66,0,20,51,0,22,12,2,29,40,23,32,20,55,46,45,59,45,3,27,5,65,0,0,31,39,46,36,28,47,53
168,2021-03-28,28,39,58,79,16,53,10,51,44,44,51,16,61,56,5,81,53,28,50,26,35,61,25,45,19,17,29,41,48,45,84,57,6,28,31,25,57,9,14,74,1,29,18,78,23,19,49,12,81,16,60,48,21,30,22,51,17,40,34,12,45,34,22,15,75,67,40,2,36,69,31,48,53,31,64,45,67,0,22,26,0,36,11,2,35,37,24,42,34,34,51,52,68,53,3,31,5,81,0,0,29,37,42,33,19,43,42
169,2021-04-04,31,25,73,66,7,50,15,49,44,54,61,16,84,56,8,82,21,25,62,21,53,66,23,49,0,16,26,44,41,41,85,36,6,31,43,26,0,5,17,76,1,41,27,68,0,7,63,6,81,24,45,53,34,33,33,52,24,20,37,24,46,75,54,20,59,72,34,2,41,72,38,50,24,34,58,70,93,0,21,53,0,39,12,2,35,42,25,42,24,57,58,44,42,47,6,27,5,77,33,0,23,42,45,52,24,46,46
170,2021-04-11,32,43,64,72,12,48,9,54,25,10,50,15,90,49,10,79,39,26,47,29,51,46,27,38,19,24,19,44,47,45,73,34,7,40,37,23,0,5,15,68,1,34,16,71,0,25,59,12,74,19,59,47,54,34,20,50,29,20,42,12,60,53,21,21,64,74,34,2,36,70,38,54,44,32,58,54,63,0,20,26,0,28,13,2,27,40,21,45,20,11,60,35,48,51,3,29,4,58,0,0,28,44,37,65,14,43,31
171,2021-04-18,34,33,69,68,12,50,21,54,42,54,49,13,52,55,9,88,35,29,57,35,43,58,14,42,38,24,32,50,48,42,69,57,9,40,46,36,28,7,16,68,1,46,37,78,15,26,63,36,74,22,70,56,37,37,33,50,23,32,47,47,43,61,100,19,62,76,39,2,44,65,43,49,29,40,71,79,63,23,15,20,0,30,9,2,33,41,22,46,27,45,57,26,49,54,2,27,4,66,0,0,22,47,42,26,19,44,44
172,2021-04-25,100,30,77,69,11,52,8,50,50,19,54,13,65,53,8,79,37,30,55,33,26,56,24,42,0,18,25,47,40,37,58,60,7,33,33,26,0,23,15,68,1,61,16,63,15,33,64,18,72,19,77,58,63,36,18,53,23,12,54,23,57,58,35,20,68,64,36,2,39,68,41,48,60,29,64,82,62,0,26,26,0,30,9,2,28,44,21,43,7,22,58,35,64,57,2,23,5,60,0,73,30,31,42,25,52,46,37
173,2021-05-02,32,49,77,77,4,47,13,50,52,29,48,13,63,55,8,77,48,30,51,31,95,86,27,48,0,22,36,50,46,49,68,53,9,38,37,29,28,14,15,72,1,40,18,73,0,37,58,12,76,20,52,60,100,39,23,63,20,36,37,12,42,38,36,29,100,62,41,1,48,75,32,53,42,33,60,62,59,23,21,59,0,30,10,2,30,41,25,47,30,67,63,38,68,52,3,28,4,55,32,0,25,47,42,47,42,49,58
174,2021-05-09,30,57,72,67,8,51,20,49,52,35,58,11,45,51,6,79,33,29,56,34,62,51,31,39,20,27,34,62,50,51,74,60,10,36,32,32,58,19,19,71,2,50,24,83,8,30,63,6,81,23,36,57,59,38,15,56,31,33,53,12,62,74,44,33,72,62,40,1,41,82,49,58,27,37,69,42,73,0,21,47,0,34,13,2,36,39,30,46,17,46,62,44,46,56,5,28,4,60,0,0,23,37,35,45,63,50,36
175,2021-05-16,39,31,74,73,11,47,10,53,43,25,51,12,35,51,6,75,40,30,53,20,18,60,18,50,19,19,28,50,42,51,80,46,11,30,39,26,58,19,19,76,1,39,26,70,0,34,66,49,81,29,48,66,35,37,30,61,17,28,49,24,60,36,29,22,82,62,39,1,46,81,36,50,35,40,70,70,58,0,32,26,0,40,10,2,35,40,24,52,17,46,70,41,61,63,4,31,4,58,0,0,34,55,41,33,33,54,49
176,2021-05-23,20,36,72,83,21,48,25,51,51,45,60,12,33,65,5,71,33,35,55,34,18,65,20,39,39,23,28,62,46,42,77,46,25,38,41,27,29,16,21,79,1,42,29,83,23,45,69,18,81,30,48,64,98,39,19,59,22,16,51,0,54,57,40,22,76,68,42,1,45,68,40,56,54,35,63,81,68,0,28,46,0,34,12,2,38,41,28,57,24,46,71,41,23,60,3,35,4,57,33,0,44,64,53,41,29,57,47
177,2021-05-30,19,43,69,77,20,43,10,51,45,25,40,12,50,57,5,73,28,29,67,36,45,64,23,28,0,27,33,70,43,43,87,49,17,31,41,27,29,26,20,80,2,40,29,90,8,19,63,13,79,30,57,62,35,36,24,60,25,21,57,24,56,42,22,28,61,64,50,1,61,68,43,59,44,35,65,61,65,0,100,74,48,40,11,2,41,41,29,55,41,46,72,44,55,56,5,27,5,56,0,0,32,44,53,38,54,56,43
178,2021-06-06,19,39,75,75,25,49,10,53,38,20,46,12,42,58,6,75,95,29,55,29,44,67,29,46,19,23,48,58,50,58,78,54,17,44,44,27,87,21,74,77,1,36,41,81,31,38,61,19,70,36,48,61,19,47,24,63,26,29,57,48,59,37,33,29,66,59,40,1,65,74,40,59,46,32,71,49,59,23,58,53,0,43,14,2,37,39,25,51,17,92,80,53,77,55,3,32,4,63,0,0,49,38,32,37,53,54,58
179,2021-06-13,24,44,73,86,18,48,10,53,47,60,49,12,69,64,6,76,60,34,69,35,45,62,22,51,0,23,48,58,45,56,67,58,23,39,42,31,29,17,100,80,1,41,32,83,31,42,64,25,78,38,64,63,17,54,19,57,16,37,77,48,61,60,26,33,52,66,51,1,54,83,39,74,30,22,63,53,70,23,57,33,0,45,14,2,39,39,28,55,24,35,76,46,77,62,6,27,5,64,33,0,32,51,44,38,34,59,46
180,2021-06-20,22,54,78,73,19,43,18,53,43,15,62,12,45,61,6,72,33,33,50,31,72,55,20,38,0,21,50,57,45,59,75,65,21,37,44,29,0,24,51,84,1,44,21,80,16,38,65,6,79,40,78,67,16,43,29,60,20,21,40,36,49,32,4,26,63,69,46,1,57,77,46,63,38,28,60,71,59,0,38,61,0,51,13,2,43,45,21,60,28,35,73,45,31,53,4,28,4,61,33,38,42,65,37,38,63,58,40
181,2021-06-27,17,38,70,82,24,58,20,54,58,25,41,12,36,52,11,71,33,33,53,30,18,64,19,45,19,25,45,63,42,63,68,68,21,41,42,28,0,26,39,85,1,42,24,87,8,34,63,12,69,44,77,59,16,39,15,58,27,37,57,36,48,64,18,24,81,73,46,1,61,81,43,66,35,26,63,88,67,0,27,73,0,45,13,2,45,45,28,57,24,34,67,42,50,61,4,30,4,61,0,0,40,45,39,22,24,61,54
182,2021-07-04,14,29,79,67,22,39,22,57,42,5,52,12,57,54,4,73,53,34,55,33,46,71,31,50,0,29,54,70,46,54,66,72,20,45,54,27,30,19,37,88,1,42,34,84,0,54,68,19,76,59,71,60,17,41,21,52,23,21,54,37,52,54,30,30,77,74,49,1,52,81,34,55,55,30,70,69,67,0,35,27,0,45,13,2,46,44,22,54,31,0,65,49,32,67,3,37,4,69,0,0,41,41,41,31,40,59,36
183,2021-07-11,25,48,71,82,23,47,14,57,33,30,61,12,49,49,6,70,36,32,71,34,71,68,35,54,0,28,52,73,45,46,80,53,15,34,40,29,88,24,30,84,1,52,49,93,0,34,65,6,72,38,57,57,19,42,20,55,25,16,45,0,68,58,40,25,74,62,49,1,55,78,41,59,54,32,62,71,72,0,14,40,0,36,12,2,41,44,30,59,27,46,76,53,31,55,4,35,4,52,0,0,36,38,48,49,44,62,46
184,2021-07-18,24,44,74,71,16,47,16,55,48,62,62,12,56,55,6,70,31,31,53,32,46,55,18,41,61,29,43,67,44,54,72,48,22,35,35,30,0,42,21,82,1,42,33,91,8,35,62,19,77,40,61,62,18,43,19,65,20,26,55,13,53,45,30,23,57,76,50,1,51,75,41,52,22,29,60,73,69,24,19,35,0,46,13,3,40,51,26,56,35,0,79,57,48,60,4,30,4,63,0,39,37,87,46,27,45,63,49
185,2021-07-25,23,38,75,71,16,42,16,60,60,20,71,11,47,57,6,70,54,32,62,29,27,51,25,39,39,29,47,65,40,57,94,66,11,44,46,28,0,21,19,81,1,40,36,89,23,34,67,12,81,42,59,54,23,40,5,63,17,57,51,0,52,62,26,18,73,63,48,2,53,74,32,58,27,26,57,42,62,0,23,53,0,42,13,2,44,44,24,55,34,0,64,28,50,54,2,31,4,57,0,0,44,37,49,30,14,64,44
186,2021-08-01,23,46,75,69,19,36,2,73,40,51,46,12,54,49,5,69,44,32,52,26,18,54,25,53,20,19,36,66,43,48,72,47,6,59,36,27,59,26,20,81,1,43,26,86,16,31,65,19,82,31,26,59,33,41,22,53,15,29,51,12,54,65,22,18,70,67,44,2,57,73,40,49,46,24,69,82,73,24,21,67,48,35,13,2,40,43,26,61,21,46,72,37,35,51,4,30,6,69,0,0,41,65,37,34,54,61,37
187,2021-08-08,20,40,71,68,14,34,24,53,33,30,55,15,70,55,5,68,28,25,62,31,18,54,29,74,0,16,44,58,49,39,78,57,19,61,38,27,0,24,18,79,1,49,12,78,16,42,55,25,78,31,49,56,66,38,26,52,14,37,46,12,52,61,33,27,51,65,49,2,56,59,43,60,33,32,56,100,71,47,20,34,48,37,13,2,46,43,29,59,17,23,71,45,90,60,7,41,6,63,0,0,51,58,47,11,39,59,35
188,2021-08-15,26,18,72,60,16,42,19,53,53,60,58,15,40,61,6,71,32,25,62,32,26,48,19,53,58,19,41,54,46,44,74,58,13,48,46,25,29,56,18,76,1,39,20,77,15,15,64,18,73,30,51,56,26,35,10,68,26,28,51,24,67,55,25,24,55,68,46,2,54,72,57,56,35,39,69,70,64,0,27,66,0,33,10,2,38,41,32,54,10,34,70,49,42,60,2,31,8,55,0,0,35,35,50,41,24,49,65
189,2021-08-22,41,43,76,69,18,51,26,53,39,31,57,13,41,56,5,72,39,31,44,43,46,62,37,40,100,20,33,60,49,40,64,42,18,44,40,28,30,24,17,71,1,40,25,83,48,23,64,6,73,26,53,59,65,38,19,66,38,17,47,0,64,31,15,32,68,67,48,1,50,75,38,54,25,20,68,83,69,24,25,14,49,43,11,2,34,42,30,51,21,0,65,40,83,57,3,31,5,66,0,39,40,36,47,46,30,48,48
190,2021-08-29,50,30,77,77,26,37,26,47,51,5,64,12,53,59,7,81,42,27,64,42,27,67,23,55,20,25,45,56,46,54,78,82,6,46,32,29,0,17,17,72,3,37,17,91,64,39,63,6,74,27,58,60,25,39,19,60,20,34,50,62,55,71,4,16,72,68,47,1,61,69,33,51,33,39,68,47,70,0,22,41,0,47,11,2,36,41,24,44,25,47,69,35,52,53,5,30,4,58,0,39,24,47,43,23,40,53,42
191,2021-09-05,27,44,73,80,14,45,27,47,57,43,56,12,52,51,5,76,32,31,50,27,66,79,26,50,21,20,47,60,41,49,81,54,12,37,39,27,31,18,16,71,2,38,24,66,100,24,64,33,77,27,57,66,27,44,23,68,17,26,51,26,69,39,12,28,53,70,48,1,51,74,50,59,40,33,70,75,54,0,33,28,0,42,10,2,36,39,25,52,11,12,77,42,82,54,8,24,4,55,0,0,28,64,41,24,41,60,53
192,2021-09-12,38,45,72,82,12,46,16,42,83,36,48,11,46,56,7,77,34,29,47,27,37,59,25,48,20,22,34,59,38,57,67,66,14,39,36,25,30,5,18,63,1,42,36,65,16,58,71,19,72,23,71,66,29,42,16,63,26,34,62,25,42,83,34,26,53,58,46,1,52,70,43,60,45,34,67,76,59,24,65,27,0,47,8,2,32,45,21,57,32,36,75,28,40,63,5,30,6,62,0,0,32,57,36,31,30,54,56
193,2021-09-19,39,25,68,90,17,47,16,41,52,31,56,11,49,52,7,74,43,28,50,26,37,56,29,52,20,25,28,61,41,51,72,67,10,33,40,27,0,10,15,67,1,51,38,81,16,43,68,13,71,20,69,67,56,40,16,63,37,30,54,25,55,72,8,23,68,69,45,1,55,68,43,63,51,31,59,66,63,0,50,56,50,41,12,2,27,41,30,58,11,12,90,43,68,63,4,31,11,56,0,39,28,43,37,31,55,55,50
194,2021-09-26,36,39,71,65,18,38,30,43,32,26,58,12,58,48,6,79,42,31,52,18,0,54,32,41,20,25,33,60,45,55,57,74,8,31,30,24,0,17,14,67,2,33,30,63,24,27,67,6,75,17,42,68,35,40,25,58,20,38,49,25,59,67,19,20,48,60,43,1,52,76,44,65,36,39,57,66,63,0,31,28,49,35,10,2,35,39,24,55,35,24,77,26,48,57,5,38,11,56,0,0,28,65,46,19,40,54,50
195,2021-10-03,36,42,67,75,20,49,18,43,50,15,62,14,71,46,7,75,42,29,54,31,73,55,24,40,20,29,33,50,43,56,73,48,18,39,32,24,30,5,14,71,1,41,30,69,24,43,66,6,75,16,47,69,17,38,12,54,16,13,55,74,54,57,11,30,61,62,41,1,54,71,47,58,39,37,72,51,64,0,23,34,0,42,10,2,28,40,24,58,28,59,81,33,44,56,5,27,8,54,0,0,27,44,41,27,45,59,44
196,2021-10-10,36,48,71,78,28,50,25,48,64,27,54,13,66,56,6,76,29,30,58,36,38,62,21,50,0,31,30,67,45,41,77,52,24,37,34,28,0,18,13,74,1,31,37,76,25,40,75,53,68,15,57,72,24,44,18,58,23,13,54,13,100,61,12,22,57,65,43,1,60,77,46,72,32,43,69,90,69,50,24,14,0,40,9,2,31,39,31,55,7,12,80,39,41,55,3,31,8,49,0,0,26,46,50,52,21,63,53
197,2021-10-17,31,55,73,70,21,44,23,45,59,42,61,24,72,60,8,81,23,31,56,27,56,60,28,44,20,27,28,62,53,51,77,61,16,29,33,28,0,10,14,71,1,37,29,72,16,51,77,13,73,15,54,63,33,45,16,58,27,21,49,0,61,48,19,16,55,61,39,1,59,71,40,62,25,36,64,78,63,0,31,56,0,44,10,2,28,39,25,58,43,24,87,43,53,58,5,28,7,60,0,0,29,36,45,24,30,60,55
198,2021-10-24,30,35,65,71,16,45,14,44,52,32,60,28,87,55,7,77,31,30,40,27,37,59,28,46,0,26,29,60,48,45,77,53,12,32,23,31,0,5,17,69,1,29,19,70,49,40,71,6,83,13,54,63,33,39,18,62,22,34,61,38,50,39,12,23,60,61,42,1,61,63,32,61,23,27,70,74,64,0,16,35,0,34,10,2,30,36,22,58,39,24,79,38,32,54,7,35,7,65,0,39,20,39,37,35,56,74,45
199,2021-10-31,35,51,75,81,16,48,14,42,55,42,53,22,61,51,5,83,32,52,47,28,56,55,24,37,41,25,30,57,48,55,67,55,20,38,24,27,31,2,19,67,1,44,27,86,41,76,72,7,85,14,30,67,33,46,20,50,25,26,50,13,60,66,15,23,91,58,37,1,64,68,50,60,29,29,58,89,70,0,21,42,0,41,10,2,33,56,23,57,29,24,99,26,41,53,6,29,7,55,0,0,14,40,42,28,31,63,47
200,2021-11-07,43,37,81,81,19,42,18,46,38,37,47,19,96,49,7,82,37,91,38,30,28,65,22,45,0,28,26,63,44,44,67,30,12,35,32,29,0,5,16,69,1,46,27,71,16,39,72,13,76,13,45,64,19,42,19,46,33,26,46,50,56,31,42,27,77,68,37,1,59,69,44,50,20,32,61,48,57,0,19,7,0,48,11,2,38,49,24,64,29,0,89,50,52,54,7,26,7,64,0,0,31,37,36,20,61,64,59
201,2021-11-14,26,44,68,72,14,47,14,46,30,21,59,20,42,54,8,85,37,39,42,36,28,51,19,39,0,29,21,56,41,43,66,46,10,38,30,27,0,12,15,65,1,45,24,74,49,31,74,13,77,17,45,70,24,48,23,49,29,34,20,25,48,55,15,35,70,62,40,1,53,63,32,55,34,25,73,80,58,0,13,7,0,39,10,2,29,53,22,60,25,24,83,38,92,51,12,24,6,57,34,0,29,32,39,19,100,67,40
202,2021-11-21,22,27,66,68,24,33,27,43,50,37,36,16,40,45,7,75,20,45,45,31,66,58,30,36,21,24,24,49,43,33,89,56,16,40,26,27,0,18,16,70,1,36,19,64,50,48,67,46,67,20,63,71,36,34,20,49,31,44,40,26,50,47,16,27,56,72,37,1,50,67,33,42,40,31,70,45,63,0,15,57,0,40,9,2,28,43,25,49,18,25,70,36,54,43,21,28,16,60,0,0,21,33,41,48,26,62,43
203,2021-11-28,32,38,64,76,24,51,4,42,53,30,49,15,60,48,5,73,49,32,69,30,62,51,26,45,19,30,26,56,39,52,86,56,17,29,25,27,58,9,15,67,1,51,18,78,39,19,75,12,71,20,41,71,71,40,19,51,16,24,52,12,48,46,15,41,62,67,41,1,54,69,35,58,81,34,58,39,68,0,15,13,0,49,10,2,28,66,20,56,20,11,81,34,34,52,37,25,14,64,0,0,25,31,33,52,48,60,48
204,2021-12-05,30,58,65,61,10,51,28,43,60,21,50,14,39,49,4,82,20,31,60,31,27,46,27,55,60,28,31,60,37,73,65,52,12,36,31,26,0,2,14,70,1,39,27,65,40,43,76,6,95,17,34,65,32,43,21,48,24,17,52,37,53,64,19,26,67,69,42,1,58,63,39,48,33,26,65,73,61,24,16,14,0,39,10,2,26,100,29,55,14,24,89,44,64,46,33,27,10,63,0,0,25,37,52,23,50,63,48
205,2021-12-12,29,46,71,68,32,41,21,42,49,64,54,15,33,59,5,78,14,30,79,29,28,46,25,44,62,27,35,59,45,44,82,64,24,42,28,26,93,5,16,68,1,35,38,77,8,48,75,7,91,18,62,66,29,48,16,58,22,69,49,13,53,66,19,18,68,79,40,1,57,70,40,64,31,27,60,56,70,0,15,35,0,34,9,2,48,75,25,61,18,24,84,32,94,55,80,28,7,65,0,0,18,39,35,12,46,64,54
206,2021-12-19,29,46,76,74,58,48,13,44,45,23,77,14,48,69,4,81,18,28,53,32,20,69,27,40,22,17,30,36,39,49,76,79,39,40,26,30,0,5,16,69,1,48,22,88,35,43,69,7,85,16,40,62,31,34,17,58,27,18,37,27,57,67,21,13,76,81,41,1,53,73,29,53,27,24,72,60,81,0,16,15,0,32,13,2,55,73,24,44,15,52,53,31,100,53,100,30,7,62,0,0,29,46,43,25,33,61,43
207,2021-12-26,18,46,72,70,30,49,12,46,35,32,100,13,26,59,6,79,20,28,40,36,28,77,25,49,21,17,39,41,29,42,77,50,18,41,27,27,0,5,15,71,1,34,39,84,33,40,65,13,74,20,35,57,35,33,22,51,19,17,30,13,66,90,23,17,57,90,36,1,53,73,40,48,23,18,62,45,70,0,35,57,0,39,13,2,46,72,22,40,15,24,52,38,49,50,55,29,8,60,0,0,25,39,37,20,15,57,32
208,2022-01-02,20,39,70,64,12,52,8,48,44,46,78,12,53,51,7,75,28,29,49,31,64,53,25,36,20,20,21,47,44,45,74,38,16,39,25,25,60,2,14,59,1,50,19,78,24,35,62,13,88,13,42,57,66,32,14,54,26,38,38,37,55,52,26,12,81,72,36,2,41,65,36,47,22,21,58,83,66,0,17,62,0,24,10,2,34,66,27,45,7,12,58,40,55,50,10,36,6,64,68,0,40,39,42,15,20,48,54
209,2022-01-09,23,38,69,78,16,49,16,50,57,36,53,12,39,47,5,91,45,31,45,38,28,51,19,43,41,18,22,39,34,37,65,52,8,38,24,27,30,0,14,56,1,69,25,77,8,47,62,32,74,12,19,52,41,34,25,50,24,26,43,38,46,60,11,33,59,72,38,1,46,67,25,54,11,23,60,62,63,0,15,56,0,33,9,2,26,62,20,51,25,24,65,36,24,52,5,28,6,58,0,0,23,35,39,31,45,48,37
210,2022-01-16,25,25,66,67,25,59,28,53,57,42,57,10,44,55,5,84,48,32,47,30,92,52,16,35,0,20,17,42,38,45,76,48,12,34,27,26,0,0,13,59,1,43,19,67,24,43,59,19,86,12,50,56,29,36,18,52,14,21,42,37,48,60,30,20,49,79,34,1,48,57,30,64,25,27,68,88,58,0,16,42,0,33,8,2,30,76,22,50,11,24,72,38,32,53,5,28,5,54,0,0,19,49,31,39,30,47,41
211,2022-01-23,32,31,70,68,9,42,17,58,55,48,39,10,36,46,5,89,12,33,51,29,66,39,23,49,21,27,14,50,42,42,75,39,10,34,28,24,0,0,13,55,1,40,21,80,33,52,60,33,100,13,54,55,29,39,20,50,21,35,35,13,68,59,16,17,60,76,35,1,46,66,20,63,49,31,53,67,57,25,15,35,0,35,11,2,23,78,21,46,40,24,68,33,33,50,3,31,5,65,0,0,26,61,35,24,31,49,36
212,2022-01-30,38,37,71,59,21,47,4,56,41,43,61,9,46,50,6,78,41,31,47,26,10,58,27,42,63,18,17,47,32,52,68,44,17,33,21,24,0,8,12,59,100,42,21,59,0,33,63,7,94,11,44,55,27,38,29,51,21,40,41,13,56,85,36,23,42,77,33,1,39,67,28,43,32,34,52,46,59,0,14,65,0,33,9,2,28,62,26,51,100,12,79,48,38,53,2,40,5,60,36,0,29,36,34,65,26,54,59
213,2022-02-06,32,37,62,72,25,40,23,57,56,38,70,8,34,49,8,85,44,28,56,29,29,63,23,54,21,28,24,51,55,46,62,63,15,36,24,24,32,13,16,60,14,39,21,76,34,41,65,0,84,11,22,55,49,44,18,56,22,44,40,13,51,52,12,20,54,80,42,1,54,70,44,55,29,31,60,65,66,25,6,51,0,39,10,2,29,59,27,57,11,50,75,49,80,53,2,32,5,69,36,0,26,32,39,29,47,51,32
214,2022-02-13,36,45,74,65,19,41,26,58,47,49,35,8,44,37,7,82,27,31,53,30,49,57,28,51,21,22,26,64,40,45,64,49,8,37,27,24,0,5,16,62,5,51,25,71,17,29,68,14,94,14,48,61,30,36,30,56,22,49,43,26,45,68,20,26,51,82,37,1,52,70,35,55,30,19,63,50,63,0,9,7,52,32,11,2,38,59,27,54,22,25,67,42,38,52,3,30,6,57,36,41,26,42,38,20,42,62,48
215,2022-02-20,40,51,70,68,32,51,23,59,40,43,38,9,40,41,7,81,23,30,55,28,19,45,24,38,21,30,24,55,43,50,63,60,20,32,29,25,0,20,15,62,5,43,21,80,8,28,63,20,88,15,33,53,36,39,14,54,17,26,38,13,42,47,19,28,60,78,37,1,55,64,35,49,52,25,58,41,61,25,17,43,0,35,11,2,39,58,23,57,40,12,69,44,16,57,5,22,5,52,0,0,28,34,33,36,51,59,48
216,2022-02-27,48,46,65,64,32,43,16,55,45,47,61,8,33,45,7,81,32,27,58,25,19,59,23,52,0,23,21,59,41,45,64,57,14,42,29,28,0,7,14,64,3,50,38,75,8,68,61,13,91,14,35,57,89,40,27,53,22,17,38,13,42,29,15,29,53,72,39,1,48,71,29,52,51,37,58,67,57,0,10,42,50,36,11,2,38,59,26,56,18,61,82,62,57,47,3,29,4,61,0,0,38,26,35,28,46,55,49
