,date,Koreatown,Eagle Rock Resort,West Adams,Sunland-Tujunga,Westchester County,Pico Union,Valley Glen,West Los Angeles,Sun Valley,Hollywoodbets,Elysian Valley,Woodland Hills,"WATTS CO.,LTD.",Westlake,Boyle Heights,Harbor Gateway Transit Center,Pacoima,Echo Park,Glassell Park,Sunland-Tujunga,Barb and Star Go to Vista Del Mar,Mid-City,His and Her Circumstances,Gig Harbor,Century City,Copa del Rey,Reseda,Montecito Heights,South Los Angeles,Lincoln/Cypress,Atwater Village,Pacific Palisades,Mount Washington,Sylmar,Los Feliz,Playa del Rey,Toluca Lake,Pico - Robertson,SoFi Stadium,Sawtelle Boulevard,Hollywood Hills,Crenshaw,Brentwood,Taos Ski Valley,Park Mesa Heights,Tarzana,Vivienne Westwood,Rock 'N' Bowl,Panorama City,Van Nuys,Canoga Park,Nasu Highland Park,Studio City,Downtown,Palms,North Hollywood,Lincoln Heights,Playa Vista,Beverly Crest,San Pedro,Mid-Wilshire,Lake Balboa,Venice,KSNG,Under the Silver Lake,Wilmington,Sherman Oaks,El Sereno,Winnetka,Encino,Harvard Heights,Chatsworth House,Hotel the West Hills Mito,City centre
0,2018-01-07,68,56,42,69,51,79,18,87,67,0,24,72,24,15,36,29,44,21,41,69,0,38,55,98,28,38,17,81,40,48,33,10,100,16,82,63,44,29,1,66,27,22,60,39,24,48,14,33,56,54,71,0,67,31,40,81,49,78,2,81,46,43,60,0,1,27,82,15,55,84,30,53,50,8
1,2018-01-14,70,36,25,60,51,35,9,85,59,0,24,69,0,34,40,44,46,24,19,60,0,0,44,92,26,43,14,100,33,48,22,10,36,15,80,61,35,55,1,61,23,18,70,24,24,50,12,14,52,49,62,0,82,38,44,87,34,75,2,75,50,39,59,0,1,31,89,20,56,89,0,65,59,25
2,2018-01-21,69,40,38,50,49,47,11,84,65,0,19,69,0,58,51,0,39,26,33,50,0,38,54,81,24,79,33,36,38,0,32,9,29,15,57,63,37,46,0,71,27,19,69,37,24,48,12,35,50,52,61,0,73,12,44,79,29,75,2,75,49,32,62,0,1,28,84,13,55,78,0,67,56,8
3,2018-01-28,67,60,51,100,47,51,17,85,63,0,26,67,0,29,44,14,46,25,17,100,0,0,38,79,22,41,11,36,40,47,26,9,28,14,70,44,42,29,0,54,32,19,75,18,0,50,16,38,64,52,63,0,88,49,46,77,29,79,2,75,65,35,64,0,1,29,79,18,53,78,0,48,66,8
4,2018-02-04,64,15,31,57,49,61,15,81,57,0,30,68,0,25,41,29,42,25,17,57,0,0,43,82,22,45,19,22,39,47,31,9,27,14,70,78,32,35,1,60,31,17,68,20,24,46,16,21,61,51,59,0,72,55,44,76,34,73,3,76,68,43,62,0,1,28,84,22,54,87,15,55,76,48
5,2018-02-11,73,61,39,57,47,48,9,83,66,2,45,70,0,11,42,0,69,25,24,57,0,19,65,80,24,5,17,13,29,24,31,15,30,15,77,82,44,50,0,65,30,21,68,33,0,50,17,33,55,55,62,0,73,100,48,87,42,83,2,80,69,18,64,0,2,31,90,21,62,85,45,66,64,41
6,2018-02-18,68,90,46,74,47,58,6,81,67,0,37,66,0,15,57,0,47,30,24,74,0,0,38,77,27,3,14,53,33,47,26,12,28,17,73,60,34,50,0,77,24,23,63,35,24,52,13,40,51,55,60,0,78,74,50,82,45,73,2,78,23,37,66,0,3,31,83,15,64,89,15,62,67,65
7,2018-02-25,66,45,51,68,55,68,13,88,71,0,21,75,0,29,47,0,45,25,23,68,0,38,54,74,21,3,17,40,37,71,27,9,29,16,77,68,39,50,0,80,30,21,72,22,24,51,13,38,64,56,74,0,75,99,63,88,42,86,2,85,57,43,65,0,3,33,87,23,66,90,15,62,79,41
8,2018-03-04,83,30,52,55,60,27,12,81,56,2,35,70,0,25,51,43,55,23,27,55,0,37,48,71,22,4,14,13,33,47,25,10,25,16,81,68,45,39,0,51,26,21,77,22,24,47,15,44,49,58,68,0,74,67,54,83,31,76,1,76,38,38,72,0,1,32,77,13,61,88,15,67,84,48
9,2018-03-11,77,46,44,64,50,38,39,82,57,0,26,72,0,11,68,15,52,24,14,64,0,19,49,72,22,2,11,40,36,24,30,9,24,16,99,73,34,36,0,54,29,21,67,25,24,45,11,36,63,60,70,0,80,50,54,84,34,71,4,82,69,50,70,0,1,30,84,17,52,93,0,71,75,33
10,2018-03-18,67,40,53,73,54,34,14,82,58,0,42,72,0,26,47,14,59,25,31,73,0,0,32,80,21,3,31,22,37,0,34,10,23,15,75,71,40,43,0,50,32,21,84,16,0,51,16,26,62,58,66,0,76,43,62,85,35,76,3,82,42,52,64,0,59,32,86,12,55,90,15,47,61,24
11,2018-03-25,84,31,35,56,50,49,14,89,54,0,50,69,25,8,43,60,48,28,23,56,0,39,33,72,24,3,26,28,38,24,39,8,26,14,83,78,46,40,1,67,26,21,73,12,0,54,10,46,53,53,58,0,73,57,100,88,24,79,2,84,63,69,77,0,27,33,88,14,46,82,91,53,78,42
12,2018-04-01,83,31,57,86,48,77,16,81,42,0,36,75,25,34,63,0,48,30,31,86,0,20,67,73,24,2,17,18,31,25,32,10,30,17,78,56,44,37,0,47,28,19,86,5,0,55,12,24,50,58,66,0,78,26,58,89,28,92,4,92,79,61,78,0,15,36,86,14,58,91,15,75,85,8
13,2018-04-08,68,35,41,67,46,34,12,93,42,0,19,69,24,29,51,29,47,24,27,67,0,19,65,73,25,5,22,22,46,48,29,9,27,15,77,82,44,54,0,65,29,30,67,4,72,45,15,40,48,56,68,0,78,31,56,84,35,85,2,79,53,66,65,0,17,33,82,17,60,84,0,70,65,24
14,2018-04-15,73,36,56,62,48,69,17,91,45,0,42,68,0,22,51,15,45,27,24,62,0,19,33,67,21,47,25,27,35,24,37,10,26,16,73,59,36,47,0,48,29,20,78,4,24,51,12,31,51,55,62,0,83,50,58,79,17,91,1,76,62,55,74,0,7,32,86,15,58,92,0,61,86,66
15,2018-04-22,69,36,54,66,49,41,13,77,41,5,23,70,24,22,45,58,52,30,17,66,0,0,27,76,26,13,25,32,37,0,33,8,31,14,79,70,43,33,0,61,27,21,68,4,96,46,12,57,51,52,59,0,76,38,59,81,28,96,2,86,65,47,65,56,12,31,90,18,57,81,30,53,75,8
16,2018-04-29,71,20,53,82,48,27,17,92,42,2,21,71,0,11,53,15,46,28,25,82,0,38,32,71,25,3,34,22,38,48,26,8,25,14,69,86,42,25,0,63,23,18,73,3,24,45,11,43,60,58,59,0,80,37,55,86,46,95,5,83,65,53,64,0,9,30,87,16,59,87,15,70,67,16
17,2018-05-06,82,57,49,65,50,49,8,98,42,0,36,73,0,7,48,59,51,33,26,65,0,58,39,75,25,2,20,46,38,0,36,9,31,15,95,70,46,51,0,58,30,24,69,5,49,53,13,31,55,60,61,0,81,25,60,82,30,91,1,83,51,53,66,0,9,32,97,22,66,88,0,67,100,50
18,2018-05-13,76,26,62,70,51,42,11,82,41,0,36,76,0,15,46,0,42,27,19,70,0,0,39,72,24,2,17,37,49,0,28,9,31,14,83,61,41,37,0,46,26,20,78,5,0,50,13,37,55,55,69,0,73,51,56,83,34,95,2,81,59,43,68,0,35,32,90,17,62,90,15,61,82,42
19,2018-05-20,84,74,46,68,49,43,12,88,45,2,24,70,25,12,47,76,47,29,25,68,0,20,57,80,24,2,21,28,32,100,29,9,43,14,65,71,39,41,0,61,24,20,89,4,25,46,15,32,53,62,63,15,76,72,57,81,25,94,2,88,68,45,69,0,17,33,89,13,65,88,0,53,84,17
20,2018-05-27,85,27,38,72,50,54,15,91,46,5,30,72,26,8,52,0,52,26,20,72,0,0,46,82,24,1,27,43,34,25,34,10,36,17,75,82,42,53,0,59,23,19,83,5,51,52,14,25,60,54,64,0,81,53,59,86,25,76,2,86,57,60,81,0,17,33,90,12,63,89,0,68,87,26
21,2018-06-03,83,79,68,65,48,32,7,79,53,0,24,73,0,0,53,30,55,27,30,65,0,0,40,80,24,1,18,28,39,50,32,10,41,17,75,85,46,26,0,61,29,24,75,5,25,47,19,44,53,59,69,0,75,58,57,82,16,85,3,85,48,57,79,0,10,34,88,21,68,83,31,89,74,68
22,2018-06-10,86,58,53,64,48,78,16,100,59,0,31,76,0,23,46,15,54,29,26,64,0,20,56,74,28,1,20,37,34,25,46,9,54,17,72,76,46,41,0,69,29,21,83,5,25,56,15,37,59,63,63,0,84,26,56,100,30,87,100,89,48,42,83,0,11,37,97,24,74,98,0,81,88,42
23,2018-06-17,94,48,33,72,49,43,7,94,58,0,39,72,0,31,41,31,51,27,15,72,0,0,40,97,30,2,30,47,36,0,24,9,53,14,85,75,49,42,0,65,35,26,85,8,25,49,9,25,60,55,60,0,74,33,54,81,31,91,6,87,48,48,76,0,6,35,93,16,69,82,0,66,69,26
24,2018-06-24,94,64,44,70,50,51,8,91,63,2,35,77,51,8,46,31,47,29,34,70,0,0,29,87,28,1,21,24,33,51,32,9,53,16,90,94,45,31,0,68,21,22,77,9,0,45,13,40,48,60,65,0,80,26,55,85,36,92,1,89,69,46,80,0,6,37,95,15,66,88,16,41,81,17
25,2018-07-01,100,72,53,83,51,30,18,93,73,0,31,86,26,24,51,32,53,33,37,83,0,21,59,87,29,1,12,54,41,0,36,13,60,17,85,100,49,47,0,69,29,24,88,7,52,49,10,10,70,67,71,0,91,68,55,100,40,96,2,100,80,74,100,0,9,40,100,19,75,100,16,48,67,45
26,2018-07-08,95,80,56,80,49,54,9,85,88,0,32,86,0,27,51,61,56,40,48,80,0,0,74,82,27,1,21,47,36,25,43,10,55,17,87,91,45,23,0,73,32,22,72,7,50,56,14,40,58,59,74,0,83,52,55,91,32,91,4,97,60,41,87,0,11,36,92,20,67,89,16,66,80,60
27,2018-07-15,82,48,31,77,50,61,17,92,77,3,32,75,0,16,73,0,51,34,18,77,0,0,29,83,27,1,27,38,39,0,100,9,54,16,88,70,44,34,0,76,26,19,83,7,0,58,12,57,51,57,64,0,100,46,53,95,30,86,2,91,73,45,86,0,6,38,91,13,62,85,16,46,82,69
28,2018-07-22,94,60,42,68,50,66,11,91,72,0,43,83,0,12,54,16,56,47,22,68,0,0,52,88,27,1,24,43,41,77,43,10,55,17,100,88,49,62,0,91,76,20,65,8,0,55,14,51,64,60,73,0,89,27,55,93,32,91,2,94,66,58,88,0,9,38,100,20,65,95,16,65,85,26
29,2018-07-29,87,64,26,70,50,32,14,96,71,0,20,76,25,16,46,77,50,37,26,70,0,0,63,83,30,1,24,19,56,25,35,9,61,17,86,92,41,38,0,100,33,19,62,7,25,53,13,55,55,65,71,0,82,53,54,86,27,94,5,87,56,53,87,0,6,36,92,29,61,93,47,68,69,34
30,2018-08-05,98,75,43,77,63,47,13,96,66,2,30,76,0,19,58,15,50,35,32,77,0,0,86,92,26,1,12,33,42,0,47,10,61,15,88,95,49,49,0,74,27,21,69,8,25,53,16,33,57,60,70,15,82,72,53,99,25,98,4,91,57,45,82,0,15,36,96,22,56,93,0,50,84,43
31,2018-08-12,85,70,59,64,49,44,12,84,65,2,42,82,0,19,47,15,45,51,25,64,0,20,63,93,28,3,21,62,40,25,35,10,55,19,85,71,39,34,0,73,30,19,71,9,0,54,12,48,52,60,69,0,76,53,51,88,26,95,2,86,65,50,73,0,9,33,89,16,100,85,47,79,89,17
32,2018-08-19,85,86,44,68,46,91,13,85,60,2,35,80,51,23,39,93,47,38,41,68,0,0,23,93,27,1,21,14,33,0,27,12,58,15,66,63,47,38,0,63,21,19,73,9,0,50,12,58,58,52,62,0,72,53,49,86,20,75,1,84,53,54,68,0,7,30,90,18,56,92,16,59,83,26
33,2018-08-26,73,42,68,66,47,50,11,83,63,2,24,73,0,42,69,30,51,22,21,66,0,60,40,82,24,1,29,28,34,25,27,10,49,15,74,84,31,71,0,66,23,18,73,13,0,51,10,42,53,54,60,15,67,52,47,80,16,85,1,93,60,41,65,0,10,28,88,14,65,90,31,78,76,43
34,2018-09-02,76,32,68,60,46,39,9,89,53,2,41,69,0,19,58,30,42,28,19,60,0,60,57,76,24,1,21,42,37,0,32,10,48,15,67,72,34,23,0,61,28,22,68,11,50,45,12,45,55,49,57,0,81,85,48,78,18,83,2,81,60,47,66,0,10,28,81,15,57,87,15,58,56,17
35,2018-09-09,72,46,29,67,47,42,14,76,49,0,43,73,49,30,44,15,38,24,27,67,0,97,38,68,22,1,20,23,29,0,29,10,40,16,74,66,41,51,0,53,22,16,71,6,24,48,12,31,48,54,63,0,84,95,44,78,17,83,2,76,62,42,58,0,10,100,80,18,62,82,30,62,75,25
36,2018-09-16,66,21,64,71,47,49,13,87,46,0,100,67,25,19,74,0,45,26,100,71,0,0,33,65,24,0,32,37,34,49,28,12,45,14,77,61,36,44,0,62,23,17,62,16,0,44,11,22,55,70,61,0,77,38,47,78,16,83,3,75,74,43,58,0,6,61,76,15,51,77,45,64,71,67
37,2018-09-23,71,15,49,62,46,42,11,72,46,2,66,66,24,11,52,30,49,24,19,62,0,19,66,66,24,1,20,23,30,49,24,13,43,14,66,59,29,26,1,59,25,16,62,11,24,43,10,39,56,53,56,0,67,51,43,80,28,74,1,74,62,47,56,0,5,33,82,13,55,82,0,66,71,66
38,2018-09-30,66,41,59,64,48,21,15,77,42,2,28,67,0,7,45,0,43,24,24,64,0,0,38,67,22,0,17,14,43,0,30,11,48,14,66,62,46,36,0,49,22,17,71,11,24,46,14,31,50,54,64,0,70,44,43,81,29,87,2,77,62,39,58,0,11,29,78,12,53,76,0,55,63,49
39,2018-10-07,70,47,50,60,45,49,13,84,49,3,34,63,0,15,49,45,45,23,26,60,0,59,50,67,24,1,14,18,39,25,50,11,52,15,75,62,57,26,0,47,18,16,58,17,0,50,20,34,57,52,58,0,68,77,43,71,43,82,1,71,91,46,57,0,7,30,77,12,55,78,0,54,66,8
40,2018-10-14,62,16,48,64,45,43,12,84,48,3,32,63,0,19,36,0,41,23,20,64,0,40,57,66,25,1,15,28,33,0,31,9,48,15,67,57,35,34,0,64,25,21,67,16,0,45,19,35,54,52,63,0,72,39,46,70,29,71,6,66,60,39,57,0,9,26,79,20,48,82,15,51,69,9
41,2018-10-21,59,36,62,59,46,59,8,77,45,5,21,67,0,11,45,30,39,25,11,59,0,0,44,65,21,1,32,18,36,73,30,10,35,14,68,44,39,40,0,44,24,17,55,19,24,68,11,19,54,52,50,0,72,76,43,76,31,68,2,68,51,37,52,0,7,25,79,22,44,85,15,66,53,42
42,2018-10-28,53,32,45,65,46,39,9,82,35,5,32,65,0,11,46,15,43,26,25,65,0,0,45,68,22,22,6,19,29,0,24,9,26,12,68,50,46,41,1,64,23,19,67,24,0,44,14,22,48,51,61,0,72,45,43,78,23,83,1,70,64,37,54,0,9,25,70,14,50,78,77,67,51,42
43,2018-11-04,78,25,50,69,47,54,12,85,45,5,37,94,0,11,71,14,51,22,20,69,0,0,32,62,25,1,25,40,30,23,22,17,23,14,80,59,46,35,0,61,32,33,52,15,0,56,22,33,48,50,67,0,70,37,42,81,36,77,2,69,72,48,53,0,9,27,97,16,52,84,29,72,56,40
44,2018-11-11,72,5,49,59,49,56,14,85,49,0,19,83,25,11,37,15,40,24,22,59,0,19,55,65,26,1,26,9,35,24,30,16,28,14,64,42,100,29,0,72,36,35,64,30,24,48,15,31,49,50,61,0,64,44,44,67,26,76,1,68,66,40,54,0,10,26,87,15,55,85,0,83,57,33
45,2018-11-18,61,27,29,72,43,59,10,70,51,0,25,58,0,4,32,78,40,24,18,72,0,20,47,67,29,1,12,14,29,26,24,10,31,14,68,54,77,27,1,47,17,23,68,30,26,41,13,33,45,50,57,0,63,94,42,68,20,74,1,67,49,32,46,0,5,23,74,13,51,67,32,45,52,44
46,2018-11-25,58,35,35,56,42,30,10,68,48,0,14,62,0,7,47,0,45,28,28,56,0,37,32,69,24,1,14,13,30,23,39,10,27,13,60,55,42,35,0,76,16,17,59,25,0,43,15,18,48,49,57,0,58,67,41,73,22,74,0,66,56,36,50,0,4,24,75,14,54,76,29,54,43,48
47,2018-12-02,55,41,29,61,41,55,10,84,54,0,33,64,0,7,45,15,52,30,24,61,0,0,44,64,23,20,23,23,35,0,24,9,24,15,65,61,44,14,0,60,21,19,70,40,0,44,16,50,59,48,62,0,71,69,44,71,23,66,2,73,42,32,46,0,80,24,77,13,57,78,15,51,55,25
48,2018-12-09,62,26,47,47,43,42,14,70,54,3,12,65,0,7,70,15,48,23,21,47,0,39,44,64,24,4,23,55,30,49,27,9,29,15,79,48,41,40,0,62,23,16,63,32,0,43,18,46,47,48,61,0,66,6,41,66,18,67,4,73,54,34,47,0,73,25,78,14,55,74,0,66,55,50
49,2018-12-16,69,37,23,58,45,32,13,84,56,5,27,68,0,11,45,30,44,23,12,58,0,0,56,68,33,3,15,19,41,0,27,10,29,12,68,62,42,37,1,64,23,23,67,37,25,44,14,47,46,47,57,0,73,39,41,68,29,71,2,74,48,31,46,0,40,24,80,16,81,80,31,40,57,34
50,2018-12-23,84,35,31,54,43,48,26,94,85,4,8,71,0,30,46,34,46,23,14,54,0,0,51,76,35,1,26,73,30,56,24,9,31,14,65,49,41,55,0,64,29,28,59,77,56,48,25,100,51,49,54,17,65,44,41,75,31,63,2,81,31,35,60,0,35,24,91,16,69,90,69,47,39,29
51,2018-12-30,85,33,31,49,48,52,19,70,77,3,33,65,0,20,39,0,42,28,13,49,0,0,23,73,27,2,18,58,31,0,25,10,33,14,75,59,37,39,1,54,34,23,60,62,26,44,17,100,50,50,56,0,69,54,44,71,34,75,3,77,29,31,63,0,31,26,82,13,52,87,32,47,63,18
52,2019-01-06,75,31,52,55,45,35,15,83,64,2,12,68,25,7,45,0,47,22,24,55,0,0,39,64,24,35,26,18,38,24,28,10,29,15,70,70,35,69,1,79,24,19,60,39,73,48,12,48,59,53,68,0,76,44,45,78,35,74,2,77,90,33,56,0,23,26,70,16,51,83,30,64,68,0
53,2019-01-13,68,35,26,62,46,57,13,78,63,6,37,69,0,4,47,14,48,26,21,62,0,0,37,65,25,66,22,40,34,24,31,10,26,16,69,71,35,28,1,64,29,19,62,100,24,51,10,44,57,54,64,0,72,37,45,88,19,73,2,74,64,40,54,0,20,25,84,21,53,84,29,91,57,16
54,2019-01-20,72,35,29,57,45,41,15,88,59,2,35,66,0,11,45,0,38,25,24,57,0,0,21,64,25,55,25,31,33,24,32,10,38,13,71,58,33,32,1,43,25,22,71,45,0,44,12,21,54,50,58,0,66,31,46,76,30,75,1,75,45,22,61,0,23,26,73,15,52,79,15,83,62,16
55,2019-01-27,65,35,50,67,45,30,12,78,56,3,28,65,24,4,42,14,54,23,20,67,0,37,59,61,22,99,14,22,30,47,26,9,37,15,66,60,52,28,1,48,24,15,71,32,23,49,13,65,57,51,62,0,71,31,44,81,31,73,2,72,68,44,57,0,25,26,75,15,57,87,15,85,54,16
56,2019-02-03,68,39,46,53,43,69,11,94,71,0,11,68,0,25,41,14,52,21,29,53,0,0,57,68,23,90,13,26,29,46,25,10,27,15,71,51,32,48,1,39,23,17,72,36,23,100,16,45,57,54,64,0,75,0,45,78,37,68,4,73,66,22,53,0,15,25,73,11,49,78,14,78,68,23
57,2019-02-10,72,44,23,70,48,50,18,89,74,1,18,69,0,14,48,28,63,24,16,70,0,37,68,76,27,10,14,30,32,0,31,19,32,16,73,65,38,42,0,53,24,21,78,42,93,63,12,50,52,52,63,0,68,12,47,83,41,90,2,77,67,42,55,0,8,27,82,17,56,90,0,79,75,47
58,2019-02-17,74,45,50,71,45,37,12,79,63,3,27,67,0,4,37,14,51,27,25,71,0,37,32,69,25,9,11,44,35,0,29,15,33,16,70,69,41,25,0,57,26,23,58,53,23,50,16,46,54,52,58,0,71,0,48,78,37,79,0,66,67,36,60,0,12,28,81,18,52,91,0,61,75,8
59,2019-02-24,64,34,63,80,44,33,19,80,68,1,20,63,0,21,36,42,50,25,21,80,0,37,42,63,21,100,14,17,30,23,40,9,63,15,67,58,41,28,0,55,25,19,71,33,0,48,15,21,56,51,66,0,64,0,50,78,34,74,1,72,52,41,55,0,11,29,77,17,56,82,29,81,87,16
60,2019-03-03,69,30,38,67,49,64,10,72,63,2,30,69,0,18,43,14,50,24,27,67,0,38,16,70,25,8,11,22,30,24,30,10,23,17,69,57,43,35,0,58,25,17,80,37,47,49,13,30,62,54,60,0,73,0,53,79,28,69,2,83,57,51,61,0,11,29,93,14,52,83,29,86,85,48
61,2019-03-10,63,45,38,55,44,54,14,78,58,2,23,67,0,22,36,14,43,24,14,55,0,19,21,65,100,3,8,49,35,24,31,9,29,15,66,62,43,39,0,51,25,17,69,48,24,50,11,44,61,50,65,0,71,0,52,79,30,66,1,80,68,47,63,0,14,28,81,17,53,75,44,76,95,40
62,2019-03-17,76,21,47,72,46,38,20,73,57,2,26,72,0,19,44,0,60,25,30,72,0,39,33,64,28,3,11,23,38,0,28,11,32,17,66,51,37,26,0,67,29,22,57,27,0,52,12,58,63,55,75,0,68,0,56,79,35,76,3,80,47,54,62,0,13,27,83,13,53,90,15,71,75,41
63,2019-03-24,80,30,46,70,43,20,13,67,47,2,30,72,0,7,38,29,51,23,29,70,0,0,27,64,23,2,8,22,38,0,32,10,29,15,67,67,32,43,0,62,31,24,69,18,48,49,13,33,58,51,55,0,73,0,59,84,38,75,2,86,65,49,67,0,11,30,79,19,49,82,30,68,74,41
64,2019-03-31,78,51,61,64,44,48,10,88,46,0,26,73,0,7,36,59,47,25,18,64,0,38,44,69,24,4,17,27,100,0,43,10,28,15,64,50,37,33,0,47,30,100,84,16,72,51,12,38,56,56,62,0,68,25,59,83,26,89,2,75,54,100,70,56,19,31,83,14,59,89,0,74,84,41
65,2019-04-07,76,31,51,70,45,59,11,79,46,2,35,67,0,4,51,29,52,25,31,70,0,0,44,70,23,2,43,5,55,24,30,9,35,15,71,55,43,58,0,59,30,71,55,12,0,48,14,53,57,54,69,0,69,63,68,76,33,79,3,76,35,50,68,0,19,29,69,13,56,80,15,76,86,8
66,2019-04-14,64,16,37,61,44,39,7,65,45,5,19,66,50,19,41,45,48,27,26,61,0,59,50,64,22,4,9,28,36,0,29,9,29,14,70,58,36,30,0,60,32,54,72,5,25,44,12,49,59,52,63,0,68,45,100,77,22,71,1,80,31,41,64,0,64,30,78,17,57,82,31,82,88,25
67,2019-04-21,76,26,27,70,43,21,17,68,39,3,22,68,25,11,42,0,45,23,15,70,0,0,39,70,25,4,20,51,54,49,25,10,25,14,64,60,40,15,0,47,24,41,64,5,25,52,15,56,61,52,60,0,66,70,62,87,22,86,6,77,71,44,68,0,100,30,83,13,61,83,15,46,82,25
68,2019-04-28,95,25,48,67,44,31,16,76,40,2,21,65,0,15,49,0,45,24,13,67,0,0,22,74,23,6,39,40,34,24,27,9,26,14,65,62,34,36,0,36,34,41,69,6,24,50,12,50,51,53,66,0,69,93,57,78,27,77,3,81,34,46,62,0,69,29,77,21,56,72,0,85,87,33
69,2019-05-05,71,46,54,67,45,41,17,86,41,5,35,67,73,7,45,29,48,31,23,67,0,0,38,72,23,5,26,50,38,24,28,9,27,15,68,53,32,40,0,70,21,32,79,7,24,51,14,50,53,52,58,14,78,57,57,78,27,84,1,76,50,54,60,0,47,28,81,13,62,84,30,77,87,33
70,2019-05-12,72,16,45,73,44,25,14,80,42,10,36,71,0,19,51,15,52,27,12,73,0,20,28,77,26,6,15,19,42,25,31,9,34,14,58,60,48,41,0,71,23,28,88,6,25,49,13,42,55,52,56,0,76,26,59,77,20,76,4,77,64,34,67,0,68,29,84,20,59,86,31,83,87,8
71,2019-05-19,63,58,63,74,47,29,21,88,55,2,24,67,25,12,52,61,51,26,16,74,1,80,40,78,24,63,100,19,35,25,26,11,41,16,72,57,41,45,0,61,25,28,86,9,100,55,14,59,66,62,70,0,79,20,59,84,22,84,1,81,100,44,69,0,32,30,81,25,71,86,0,69,88,17
72,2019-05-26,81,11,67,73,47,40,15,74,52,2,40,72,0,23,59,0,48,32,28,73,0,40,34,73,27,15,36,19,42,0,39,10,44,14,77,63,40,42,0,73,32,28,90,6,25,48,10,35,60,56,72,15,74,53,58,80,25,89,1,75,45,54,71,0,33,31,89,11,76,92,16,63,96,43
73,2019-06-02,74,48,55,73,46,67,15,76,51,2,22,70,0,29,60,15,52,27,32,73,0,41,53,81,24,1,15,35,41,74,45,11,38,15,71,75,40,44,0,63,22,25,75,6,0,58,12,27,55,55,66,0,76,59,59,85,28,81,1,83,68,52,64,58,26,33,79,19,69,85,16,76,97,25
74,2019-06-09,74,52,37,70,46,53,17,85,54,2,33,76,0,29,49,29,51,32,30,70,0,41,35,76,25,1,29,30,35,0,38,10,47,17,79,79,39,47,0,59,26,25,77,4,27,52,9,49,60,59,68,0,80,39,56,92,26,87,3,83,44,52,69,0,24,31,86,16,65,92,79,57,78,17
75,2019-06-16,76,58,53,63,52,46,23,80,60,2,29,71,0,22,42,29,53,31,27,63,0,0,47,76,25,2,18,10,42,25,24,10,53,15,78,67,39,51,0,55,27,26,82,6,0,50,13,40,57,55,66,15,73,26,57,84,27,82,2,86,64,59,78,0,62,33,84,15,74,77,32,93,94,34
76,2019-06-23,76,54,23,83,51,86,16,85,63,3,22,71,0,4,46,30,50,29,32,83,0,0,36,77,25,2,33,25,43,50,24,8,47,16,68,76,47,44,0,54,26,30,84,8,28,50,16,30,67,57,67,0,77,20,57,86,32,100,2,86,45,44,71,0,51,32,83,18,70,83,16,64,96,34
77,2019-06-30,78,77,37,77,47,33,16,72,70,5,13,70,26,35,41,61,54,33,22,77,0,0,31,82,26,2,9,47,36,26,35,12,57,20,83,75,49,42,0,64,24,22,77,8,29,49,13,31,59,51,60,0,80,75,56,81,28,96,1,91,84,59,85,0,86,37,83,18,69,86,0,64,87,53
78,2019-07-07,78,47,50,65,49,49,10,84,77,2,24,71,25,11,50,14,51,39,32,65,0,41,23,78,24,1,12,0,39,0,27,8,55,16,67,81,44,32,0,65,28,22,68,9,27,54,13,44,65,55,66,15,81,39,55,83,25,77,3,85,60,54,76,0,80,34,84,15,64,84,16,72,79,25
79,2019-07-14,70,70,41,73,49,54,14,69,67,0,29,72,0,11,46,44,49,42,25,73,1,42,30,84,28,1,18,35,36,0,32,10,53,15,98,82,42,44,0,61,28,37,70,11,0,55,15,30,63,58,67,15,71,86,54,84,48,82,1,80,49,43,78,0,74,34,87,25,60,88,0,71,77,34
80,2019-07-21,65,43,54,58,47,54,11,73,65,5,37,74,0,42,48,0,50,33,32,58,1,21,48,79,27,0,15,20,30,51,29,10,51,16,86,92,39,67,1,62,33,29,73,8,0,46,13,35,76,59,100,15,79,54,55,91,35,91,1,83,37,85,86,0,70,33,91,19,58,86,16,80,89,26
81,2019-07-28,81,44,39,63,47,55,30,82,63,5,20,68,0,38,54,45,50,27,39,63,0,0,30,79,24,1,21,15,30,26,32,11,49,13,80,89,46,34,0,55,31,23,73,9,0,56,12,56,68,56,77,0,78,20,54,83,60,86,0,85,54,57,76,0,50,32,84,15,60,79,0,81,74,26
82,2019-08-04,82,49,49,68,47,33,22,73,66,7,35,68,25,15,46,15,45,40,24,68,1,42,54,81,23,1,39,15,41,25,38,9,60,16,81,86,42,37,0,73,24,26,77,8,0,48,19,28,67,55,65,46,72,40,51,87,41,82,3,84,70,44,71,0,49,32,85,20,61,90,49,76,89,9
83,2019-08-11,75,47,72,50,47,49,8,74,57,3,24,70,0,15,40,57,47,55,25,50,0,0,35,79,24,1,11,59,39,0,32,12,58,16,78,79,51,72,0,51,27,24,82,9,27,50,17,34,59,54,58,0,77,45,54,88,31,85,1,80,83,46,70,0,38,34,83,21,56,84,0,73,72,42
84,2019-08-18,71,57,64,60,46,59,16,77,57,5,24,71,0,22,41,29,59,41,22,60,0,0,40,70,25,1,26,58,33,49,35,10,57,18,88,61,41,68,1,56,26,28,77,12,0,48,20,29,57,53,65,0,74,58,54,82,34,79,2,78,55,53,66,0,28,31,83,30,53,84,16,69,86,8
85,2019-08-25,64,75,74,62,44,44,13,86,57,2,30,69,0,17,45,55,49,31,25,62,0,0,33,70,22,1,17,24,38,47,40,10,51,15,73,69,34,100,0,70,26,19,74,10,0,50,15,47,46,52,76,14,69,37,47,73,25,66,1,79,46,38,65,0,32,29,74,14,56,77,0,69,56,8
86,2019-09-01,77,59,100,68,43,59,8,74,53,1,25,67,0,20,39,13,46,30,38,68,0,19,22,67,21,1,35,14,29,23,30,10,42,14,65,74,38,37,0,56,27,19,73,9,0,46,18,37,65,50,59,0,76,42,47,78,18,75,2,83,48,49,59,0,34,42,74,17,56,86,0,56,88,23
87,2019-09-08,58,33,70,57,42,32,12,70,52,1,30,63,22,3,44,13,43,27,18,57,0,19,42,68,22,1,26,31,25,0,27,10,38,14,61,56,34,49,0,65,22,19,62,9,25,40,22,18,53,49,56,0,72,71,46,72,31,65,2,69,58,55,55,0,22,26,73,17,56,83,0,87,73,15
88,2019-09-15,60,53,52,53,42,48,16,75,50,1,26,63,0,7,45,40,51,26,20,53,0,0,11,72,23,1,13,13,33,0,28,10,44,14,68,67,42,43,7,44,26,30,73,9,0,44,26,22,57,49,58,0,73,83,46,80,24,81,1,79,69,39,59,0,18,25,77,12,56,86,29,71,85,31
89,2019-09-22,64,24,51,64,44,42,11,81,48,3,20,59,0,10,45,80,51,25,21,64,0,0,27,69,22,1,29,23,32,45,27,11,39,14,56,49,41,30,2,47,18,23,59,9,0,58,36,52,55,50,60,0,66,48,46,82,24,80,2,70,29,42,55,0,19,25,72,15,52,87,44,70,83,16
90,2019-09-29,67,34,59,65,44,36,17,74,43,3,38,60,23,24,38,41,57,25,26,65,0,0,49,70,24,1,14,37,28,69,31,10,48,12,64,61,40,47,2,56,21,24,66,10,0,47,26,39,51,49,61,0,73,49,46,81,26,72,4,79,82,36,52,0,19,27,74,18,57,81,15,71,66,32
91,2019-10-06,62,24,39,76,42,68,11,75,45,7,31,69,0,44,46,81,51,23,20,76,0,0,11,61,22,1,8,14,34,46,29,9,47,100,71,65,35,50,1,68,26,21,70,12,25,46,23,32,52,52,68,27,69,54,45,76,21,72,1,74,81,43,52,0,23,25,75,100,48,89,15,100,65,31
92,2019-10-13,70,39,44,65,42,26,11,82,42,1,33,59,0,14,35,40,47,24,23,65,0,0,27,64,21,1,16,14,32,23,25,10,43,22,56,60,37,57,6,63,21,22,61,12,0,46,19,32,52,47,61,0,70,60,44,73,19,76,1,78,62,32,54,0,13,27,80,20,56,85,0,71,54,23
93,2019-10-20,56,19,45,63,43,54,13,73,47,9,11,65,22,30,59,40,51,25,12,63,0,0,58,67,21,1,26,13,31,22,30,100,34,15,66,63,42,49,1,50,23,23,69,14,0,48,24,20,47,52,67,0,68,30,42,74,21,72,1,70,43,55,53,0,11,25,87,14,50,96,0,65,67,15
94,2019-10-27,57,19,43,56,40,63,9,100,44,4,13,69,22,23,34,13,47,26,18,56,0,18,21,60,22,1,21,31,40,0,68,21,26,14,68,68,57,52,1,54,27,20,100,18,0,47,15,33,52,48,62,0,70,70,43,95,21,63,0,67,61,47,49,0,12,24,88,13,56,85,14,70,53,15
95,2019-11-03,64,29,46,55,46,42,11,69,43,7,20,61,0,10,60,13,52,24,14,55,0,19,21,67,20,1,16,27,30,23,31,10,29,14,59,62,45,50,2,57,32,19,67,16,0,75,22,43,47,48,62,0,68,18,45,80,24,73,1,70,29,34,53,0,15,25,77,23,54,77,44,75,75,23
96,2019-11-10,53,23,29,58,40,50,9,71,40,10,25,59,22,23,54,26,44,20,16,58,0,18,26,62,24,2,20,26,34,0,22,9,28,13,73,62,41,26,1,47,56,21,66,16,0,46,19,35,55,45,56,0,68,46,41,73,24,62,0,66,56,42,53,0,11,24,75,15,56,75,56,77,65,37
97,2019-11-17,55,24,52,76,41,47,7,74,44,1,17,64,0,26,43,26,47,34,27,76,0,0,21,69,21,1,18,13,37,22,26,9,24,14,67,62,35,65,3,54,24,25,59,29,0,48,20,24,58,53,61,0,68,29,44,75,33,74,2,69,18,53,44,0,16,22,73,12,60,72,14,84,64,38
98,2019-11-24,63,35,35,71,38,33,15,74,62,4,29,60,0,10,45,27,55,24,15,71,0,0,22,71,23,1,11,33,27,0,23,8,28,13,63,51,27,31,1,49,20,23,59,38,0,39,19,37,62,50,61,0,59,55,40,71,26,59,1,69,56,26,41,0,16,20,79,12,56,76,0,62,59,16
99,2019-12-01,57,28,57,59,47,59,12,64,54,6,34,60,0,23,44,13,54,24,23,59,0,0,36,61,22,1,31,13,32,0,32,9,22,14,57,62,45,35,2,43,19,19,67,26,24,47,21,37,59,49,64,0,61,23,40,78,29,83,1,65,39,30,40,0,14,22,72,13,59,75,14,57,64,52
100,2019-12-08,53,47,47,60,40,100,9,62,53,3,11,63,0,23,49,26,55,22,22,60,1,0,21,59,24,1,18,22,32,0,31,8,20,14,55,53,44,35,3,46,15,25,68,34,0,44,19,41,49,46,60,0,57,35,39,74,26,53,2,63,35,23,39,0,15,22,69,16,67,75,0,64,51,30
101,2019-12-15,55,24,55,58,42,13,12,69,56,7,22,70,23,20,38,40,49,25,15,58,4,0,5,70,30,5,19,14,26,45,24,9,25,13,61,45,32,37,2,44,22,25,67,39,25,51,20,29,54,48,64,0,71,6,38,74,26,65,2,67,33,31,50,0,16,23,81,16,63,81,0,72,58,16
102,2019-12-22,80,44,31,70,40,29,10,73,83,3,7,79,0,23,37,15,59,27,17,70,11,21,42,70,35,2,24,15,29,0,23,8,28,14,60,64,38,34,3,51,26,31,56,59,0,43,22,66,59,54,67,0,72,54,46,78,38,65,1,73,12,23,54,0,21,23,83,22,71,76,49,55,74,61
103,2019-12-29,76,25,43,59,44,47,9,78,75,8,23,65,24,18,23,42,41,30,21,59,10,0,61,73,30,2,11,9,29,0,32,9,32,14,70,55,34,24,3,55,20,21,56,56,26,47,15,59,57,49,57,14,69,81,43,76,50,73,2,71,23,27,57,0,35,26,82,15,54,78,0,78,74,16
104,2020-01-05,57,56,38,66,43,65,22,66,64,8,28,64,0,42,33,38,44,28,23,66,4,0,41,61,22,13,26,39,27,43,29,8,25,12,62,59,29,42,2,56,27,20,67,33,0,44,17,33,47,47,54,13,65,23,44,69,70,69,1,68,56,32,46,0,31,25,70,18,51,74,14,43,88,0
105,2020-01-12,65,27,55,56,42,27,10,73,68,9,28,63,63,22,46,12,49,31,16,56,4,35,29,71,22,10,29,21,26,0,28,9,26,13,61,43,32,46,2,52,22,22,70,55,0,44,19,45,50,47,58,0,62,27,44,73,51,65,2,68,44,39,51,0,20,27,70,16,51,74,53,78,86,28
106,2020-01-19,66,28,35,55,41,25,9,71,58,4,32,62,0,13,44,13,44,29,32,55,2,0,31,63,33,50,25,26,29,22,23,8,28,15,68,58,35,38,4,50,35,18,62,34,48,43,16,32,49,48,55,0,62,17,45,71,41,67,1,71,52,54,52,0,25,26,75,12,56,77,14,88,95,22
107,2020-01-26,49,18,60,53,39,42,11,84,56,3,23,57,0,16,41,25,43,29,14,53,1,18,40,58,19,55,23,13,26,42,24,9,21,13,58,60,36,22,2,93,23,19,65,28,0,44,15,34,50,50,57,0,55,51,45,61,42,63,1,70,65,46,47,0,16,24,71,10,53,78,0,47,89,15
108,2020-02-02,56,23,50,63,39,37,12,69,56,4,25,58,0,29,35,13,50,26,22,63,1,18,25,60,20,93,30,34,32,0,32,8,26,12,63,53,35,54,5,59,22,19,60,34,24,51,15,19,47,49,58,13,60,28,47,71,52,62,1,73,59,36,50,0,18,26,70,12,46,80,0,65,76,29
109,2020-02-09,64,23,47,69,40,39,12,73,58,3,33,65,0,6,41,0,46,29,21,69,1,18,25,63,21,20,22,55,30,85,25,14,34,14,65,64,38,44,5,51,22,19,60,34,0,47,17,36,57,55,55,0,61,45,47,78,45,63,1,73,38,38,53,0,14,28,75,15,51,78,0,70,76,14
110,2020-02-16,74,54,56,58,44,36,8,75,60,4,33,64,0,38,43,25,47,30,31,58,1,18,25,65,22,3,17,34,32,21,22,11,28,17,65,77,33,46,2,63,100,20,61,35,0,51,20,27,53,51,59,0,70,73,52,74,35,70,1,68,48,46,58,0,15,30,75,19,51,80,14,63,76,22
111,2020-02-23,91,48,62,58,41,52,17,72,52,1,22,62,41,27,78,12,52,28,25,58,1,17,19,64,19,3,17,8,36,0,24,8,28,15,62,59,38,15,4,50,28,20,60,29,0,48,14,30,52,47,57,0,62,43,52,70,41,68,2,71,36,38,54,0,15,27,71,16,54,81,0,72,89,21
112,2020-03-01,62,48,47,60,94,38,11,78,51,3,32,61,0,33,56,24,48,28,17,60,1,17,43,60,17,11,14,24,31,20,32,9,23,15,62,62,34,60,2,45,23,23,60,26,22,69,20,30,56,46,62,0,66,75,49,78,42,63,2,71,43,38,55,0,13,27,67,19,48,81,13,73,56,28
113,2020-03-08,49,21,67,59,100,46,11,59,54,0,25,64,0,9,54,24,55,22,15,59,1,33,19,62,18,2,28,16,30,0,26,8,20,14,52,49,27,27,1,54,20,19,65,45,0,56,19,32,59,52,57,0,54,32,45,71,35,54,0,68,36,40,45,0,10,24,62,16,46,75,0,57,47,0
114,2020-03-15,35,39,30,61,55,37,7,56,43,3,8,55,0,18,70,12,59,17,7,61,1,0,57,57,9,1,12,20,29,0,21,7,14,14,32,33,28,35,2,36,18,46,56,25,0,41,13,10,55,42,55,12,44,21,44,58,31,43,1,61,39,33,67,0,17,20,51,20,37,65,0,52,29,7
115,2020-03-22,26,8,49,58,45,19,14,50,33,5,9,43,20,9,49,0,48,15,9,58,0,0,28,51,5,1,16,16,23,19,26,8,15,13,34,46,27,31,3,16,20,76,55,4,0,35,16,6,44,35,42,0,43,0,47,49,70,34,2,60,35,32,36,0,21,18,44,18,36,53,0,54,20,7
116,2020-03-29,26,4,31,48,38,41,6,51,41,2,26,45,0,9,28,0,43,17,32,48,0,0,18,47,4,1,27,15,30,38,22,8,15,11,30,43,26,39,2,26,25,66,50,5,0,35,18,2,43,35,50,0,43,5,60,49,77,35,3,54,37,31,28,45,14,16,41,15,40,55,0,61,24,13
117,2020-04-05,36,13,18,58,35,25,8,54,36,4,21,42,0,26,48,0,47,17,13,58,0,16,32,50,5,1,23,12,28,0,21,8,14,12,36,38,25,26,2,28,23,62,45,4,0,32,21,2,43,36,43,12,44,16,98,49,46,35,1,51,32,27,28,0,18,17,44,13,45,61,0,56,36,20
118,2020-04-12,26,4,19,44,31,37,4,37,31,2,18,39,0,14,47,0,43,19,16,44,0,16,57,51,4,1,18,15,25,0,15,7,17,11,33,40,19,14,1,27,22,51,43,14,0,33,18,0,40,33,42,0,42,5,56,48,53,31,1,47,18,34,32,0,16,18,40,18,41,58,36,40,18,13
119,2020-04-19,30,28,46,49,34,27,9,46,36,1,29,42,57,23,38,0,41,17,13,49,0,16,54,51,4,1,13,19,29,0,25,8,16,12,37,60,28,36,2,19,25,41,53,4,0,32,14,2,41,36,45,0,37,20,62,51,41,33,2,54,31,28,43,0,19,19,42,12,46,63,24,68,33,26
120,2020-04-26,28,40,23,57,31,27,10,45,28,1,22,42,38,33,42,11,46,21,26,57,0,0,53,52,4,0,22,15,37,19,29,7,18,12,47,56,23,22,2,29,31,42,56,4,0,33,21,6,41,34,48,0,44,10,69,46,49,31,1,54,21,31,32,0,18,20,49,11,46,61,12,47,28,19
121,2020-05-03,28,24,34,60,34,40,12,57,33,2,29,49,0,20,70,11,47,18,26,60,1,0,31,56,5,1,38,11,33,19,29,9,20,14,56,80,45,28,4,44,30,32,62,4,0,39,26,6,49,37,51,11,50,5,71,48,32,39,5,61,15,29,35,44,12,23,50,17,51,70,12,77,22,19
122,2020-05-10,35,21,39,65,36,14,10,56,33,4,9,50,0,17,39,0,47,20,14,65,0,0,45,59,5,0,14,8,29,0,19,8,21,13,38,91,59,17,3,32,27,26,63,5,0,45,28,6,46,42,53,0,49,5,69,52,33,43,1,62,19,43,45,0,14,24,55,14,44,69,0,90,33,39
123,2020-05-17,31,16,45,67,38,25,10,52,39,5,19,46,0,6,44,0,47,20,17,67,0,0,55,61,4,1,20,12,34,0,28,9,20,13,38,60,29,23,2,29,35,25,75,6,0,37,21,11,46,40,48,12,49,10,72,52,38,41,3,59,16,64,54,0,18,27,51,15,51,69,0,74,35,46
124,2020-05-24,46,30,47,77,39,23,13,65,43,4,16,51,0,18,49,12,49,24,18,77,0,0,43,66,10,1,24,16,31,20,22,9,23,13,46,61,65,21,2,27,38,26,74,6,0,40,23,8,46,43,54,24,57,11,85,56,53,44,2,65,16,42,47,0,12,30,55,21,59,71,0,79,26,27
125,2020-05-31,92,20,48,63,42,22,16,75,40,6,18,64,0,34,55,34,52,25,25,63,0,16,45,70,13,1,18,19,53,19,28,11,19,13,44,57,27,47,4,37,28,21,91,6,21,48,14,6,57,100,59,0,62,5,59,65,43,50,2,72,34,47,48,0,12,32,71,20,72,85,12,74,30,19
126,2020-06-07,47,55,50,63,43,39,8,78,48,5,31,60,0,23,62,12,49,25,25,63,0,16,56,75,13,1,25,4,39,20,25,12,30,13,45,74,35,40,2,35,41,21,71,6,0,46,19,4,52,44,66,12,65,21,64,70,44,47,3,77,25,55,52,0,11,33,71,19,61,81,0,56,35,47
127,2020-06-14,51,56,43,77,43,32,13,71,48,4,14,61,20,39,46,0,50,30,17,77,0,0,24,75,13,1,38,16,29,20,26,9,34,15,43,67,32,24,2,43,33,25,86,7,0,44,19,8,55,44,63,0,60,16,62,63,38,50,1,73,23,52,51,0,13,32,67,15,61,76,13,71,32,21
128,2020-06-21,44,76,32,69,48,39,9,71,57,3,30,60,21,40,49,0,44,39,23,69,1,0,69,69,16,2,20,38,31,42,27,10,38,17,44,58,35,24,3,28,26,25,85,6,0,50,22,12,42,45,58,13,63,11,62,68,41,43,0,70,30,50,49,0,12,38,70,17,59,78,0,70,40,21
129,2020-06-28,44,77,41,72,45,21,12,56,60,8,23,59,21,38,44,0,54,30,15,72,1,18,30,72,12,2,45,13,31,0,34,10,40,14,50,75,33,28,2,38,26,23,68,16,23,46,24,13,45,43,60,0,61,6,62,74,44,48,2,74,48,57,49,0,13,33,61,18,59,71,0,62,38,43
130,2020-07-05,38,72,37,79,43,24,11,67,60,1,23,58,0,28,39,0,54,37,28,79,1,18,25,72,10,2,17,17,31,0,33,9,44,14,54,59,31,40,2,39,31,19,61,10,0,47,22,8,55,44,53,13,58,11,58,87,49,45,1,70,27,50,47,0,12,31,62,13,67,82,14,65,39,29
131,2020-07-12,35,72,34,75,42,42,9,66,56,11,21,54,21,38,43,0,55,34,22,75,1,0,50,65,12,3,37,21,29,0,19,9,45,12,40,61,26,37,2,42,34,17,68,9,0,42,23,6,48,46,58,0,60,0,61,61,38,47,2,70,21,60,47,0,11,29,67,16,64,82,41,63,21,22
132,2020-07-19,31,82,13,70,40,40,9,57,64,6,21,57,21,22,33,0,44,32,22,70,0,0,40,66,11,2,35,17,31,21,25,10,47,13,43,71,35,72,2,34,33,18,65,9,0,46,29,11,48,41,50,26,60,23,61,65,56,44,3,69,35,52,45,50,14,30,57,15,66,78,14,79,24,22
133,2020-07-26,37,97,51,78,43,28,9,56,62,0,32,57,22,32,41,0,100,36,26,78,0,0,41,80,10,2,26,22,31,0,21,9,50,16,46,55,36,41,2,37,39,19,66,7,0,50,25,13,50,44,60,0,59,6,60,59,48,44,1,74,32,46,43,0,14,31,56,16,66,74,14,78,23,30
134,2020-08-02,45,95,71,69,45,30,21,59,58,1,23,58,43,38,36,13,51,33,20,69,0,53,30,63,11,2,10,21,30,0,26,9,55,14,54,66,31,50,2,45,37,17,63,9,0,48,30,6,44,43,61,0,57,11,57,59,34,47,67,74,31,55,48,0,16,33,59,15,55,78,27,67,37,36
135,2020-08-09,39,63,30,64,39,54,15,67,59,3,29,59,21,16,32,0,53,36,19,64,0,18,35,71,11,2,22,25,30,21,29,10,57,14,45,77,44,34,2,45,35,16,66,9,0,42,27,8,53,42,57,13,61,11,55,59,39,47,4,73,34,63,49,0,17,29,66,16,62,79,0,71,28,0
136,2020-08-16,42,58,30,100,40,21,12,67,58,3,20,64,42,31,30,0,56,40,25,100,1,0,50,68,11,2,40,29,28,0,22,11,53,15,55,68,33,43,2,40,42,19,98,9,0,48,23,2,56,48,59,0,60,17,56,69,31,48,1,77,34,49,52,0,11,28,66,10,67,84,14,78,27,58
137,2020-08-23,37,95,18,68,38,23,11,59,49,1,20,60,0,21,26,0,47,30,25,68,0,17,38,61,11,1,21,28,31,40,26,10,52,12,46,62,34,38,4,41,31,18,67,7,0,42,23,0,49,42,58,0,53,11,54,56,98,48,9,69,26,44,45,0,11,26,55,12,55,72,0,66,34,7
138,2020-08-30,43,59,40,62,38,14,11,63,49,1,21,72,0,24,34,12,44,31,17,62,1,33,47,60,11,1,28,28,57,0,24,11,46,13,47,65,25,38,3,44,33,15,61,11,0,43,27,8,46,44,60,12,56,16,52,56,85,40,1,68,38,52,47,0,12,29,57,16,59,86,0,73,32,20
139,2020-09-06,41,56,53,81,37,17,11,69,57,1,16,100,0,27,28,0,56,29,28,81,0,34,19,76,13,1,19,40,37,0,28,11,51,16,42,61,32,24,12,47,32,17,72,12,0,47,26,10,53,50,64,0,63,0,53,65,34,41,3,69,33,71,51,47,11,27,67,20,55,90,0,74,40,14
140,2020-09-13,39,55,46,71,36,23,11,65,50,3,21,65,0,26,33,0,45,28,19,71,0,0,37,68,12,1,14,8,32,0,23,9,44,12,66,55,38,46,34,44,23,16,72,9,0,38,29,8,48,43,54,0,59,0,51,56,38,39,3,61,22,44,46,0,10,27,63,13,52,77,0,64,38,20
141,2020-09-20,29,56,31,77,38,32,13,56,48,4,20,55,0,39,37,0,44,26,16,77,0,0,38,63,11,1,21,24,33,0,20,9,43,12,53,62,32,33,12,50,20,14,56,11,0,39,29,10,47,42,55,0,52,0,52,56,37,42,1,66,20,38,43,0,9,24,54,14,54,69,26,51,26,14
142,2020-09-27,36,49,34,60,35,27,10,52,41,1,31,55,0,28,28,0,41,27,14,60,0,0,10,59,11,1,10,34,29,0,17,8,43,11,45,70,37,22,3,40,18,15,62,12,0,39,34,8,45,39,53,0,49,17,51,56,51,44,1,72,24,49,41,0,9,23,56,15,54,65,27,72,28,29
143,2020-10-04,41,47,33,65,38,47,14,66,48,3,19,63,0,20,33,13,44,27,17,65,0,18,47,64,12,1,26,53,38,22,19,8,55,11,51,59,30,29,3,40,29,16,66,16,24,40,33,9,50,44,70,0,56,12,51,61,35,38,2,65,18,36,48,0,6,24,55,14,54,69,0,44,30,30
144,2020-10-11,39,45,31,62,36,37,6,52,39,5,21,63,0,35,39,0,43,25,17,62,0,20,39,67,12,1,17,28,30,0,21,9,38,13,46,58,35,21,2,39,26,18,69,14,0,48,30,23,46,44,62,0,59,19,50,60,36,41,2,66,27,59,44,55,9,24,57,11,49,74,0,62,39,8
145,2020-10-18,42,52,32,65,39,35,8,52,42,2,31,67,0,25,69,14,42,26,22,65,0,0,23,64,12,1,14,15,28,0,22,8,38,15,41,41,28,39,2,40,24,16,65,13,0,43,32,12,46,42,55,0,52,19,50,59,46,40,1,63,31,54,40,0,10,24,56,10,52,66,0,41,30,8
146,2020-10-25,39,42,24,61,41,34,12,49,39,2,36,63,0,32,35,0,44,24,24,61,0,19,37,58,10,1,30,32,31,24,18,7,24,14,44,39,33,15,7,39,21,17,62,20,0,41,34,12,48,42,55,0,56,6,49,56,47,38,4,65,19,36,33,0,8,22,54,16,47,74,30,56,29,25
147,2020-11-01,31,65,29,43,33,29,10,43,31,5,24,51,0,27,34,0,31,19,17,43,0,47,26,48,9,0,12,15,23,20,18,6,18,10,30,48,32,37,1,23,17,22,72,12,0,35,38,14,46,35,50,48,41,0,39,47,35,33,1,50,19,28,28,0,4,19,48,10,36,49,0,53,22,14
148,2020-11-08,35,44,30,51,37,48,4,51,42,3,27,51,0,30,29,0,69,19,9,51,0,18,44,58,11,1,18,0,26,22,14,7,22,11,35,50,32,48,2,38,17,22,62,19,23,36,41,11,50,39,54,0,49,6,45,50,41,40,22,58,14,34,33,0,9,22,52,13,54,67,14,50,25,100
149,2020-11-15,34,16,32,56,40,38,12,50,42,0,19,50,24,35,34,0,48,22,15,56,0,19,26,63,11,1,22,9,29,0,22,8,22,11,42,43,33,22,2,35,29,16,61,14,0,43,49,7,54,42,54,0,47,0,48,54,38,34,2,65,15,40,32,55,7,23,58,17,53,71,15,46,30,41
150,2020-11-22,26,26,29,49,34,38,6,46,44,3,38,50,0,28,33,13,47,21,20,49,0,57,89,52,12,1,14,5,28,0,21,8,20,11,39,40,26,7,2,34,21,17,61,18,0,35,45,16,49,36,53,0,43,12,48,57,53,30,3,56,23,30,30,0,8,21,54,38,62,59,15,48,24,33
151,2020-11-29,31,10,25,50,36,23,8,45,45,3,20,58,0,20,31,0,40,20,20,50,0,18,35,57,11,1,5,9,19,0,20,7,17,11,36,36,26,17,1,28,20,14,58,18,0,36,33,4,49,39,49,0,43,6,48,54,56,32,3,54,18,28,30,0,8,22,54,18,56,57,0,48,25,31
152,2020-12-06,28,15,26,52,35,23,12,46,47,3,18,63,0,30,34,0,43,19,11,52,0,0,5,55,9,1,21,4,32,23,18,7,18,11,36,43,32,21,4,41,22,17,52,20,23,38,37,9,53,34,50,0,44,12,45,51,35,31,0,55,29,27,28,0,6,21,54,17,56,51,14,73,29,23
153,2020-12-13,30,10,24,60,39,20,12,46,55,3,14,60,23,7,30,0,46,17,10,60,0,0,36,60,11,5,24,13,27,0,19,7,21,12,32,51,21,14,3,19,21,19,58,32,0,37,37,11,56,39,53,0,49,30,43,53,49,31,3,57,26,33,31,54,7,21,51,12,67,60,0,66,33,24
154,2020-12-20,32,39,36,51,35,58,8,54,60,0,15,66,0,52,31,0,42,18,14,51,1,0,22,64,12,1,15,10,20,50,24,9,21,11,43,42,31,19,3,28,18,20,57,32,0,41,67,7,57,34,59,0,47,0,46,50,49,27,2,58,24,44,30,0,8,21,56,14,77,62,31,65,20,17
155,2020-12-27,31,62,17,57,35,61,15,49,68,3,12,54,24,28,29,0,46,25,24,57,0,0,31,61,10,1,8,31,25,24,24,8,25,12,37,50,27,25,2,36,21,16,52,48,24,38,56,23,56,37,52,28,42,18,47,53,49,37,4,62,8,30,35,0,12,23,52,14,49,65,0,68,28,32
156,2021-01-03,29,34,18,56,35,19,7,43,60,1,11,47,22,43,40,0,77,24,13,56,1,35,34,52,13,13,13,13,28,22,18,7,25,11,35,38,27,24,2,25,17,23,55,24,0,37,50,11,45,35,48,13,40,12,45,47,42,33,2,55,32,44,28,0,9,21,45,15,39,62,0,52,40,30
157,2021-01-10,29,29,30,50,45,13,10,51,55,6,9,48,22,30,53,0,55,22,23,50,5,18,20,56,8,14,21,8,25,22,16,7,20,12,29,50,32,34,2,39,16,20,53,25,23,39,49,11,43,34,55,13,41,12,47,51,46,31,1,57,25,42,33,0,12,22,47,17,41,66,14,51,34,8
158,2021-01-17,26,39,32,65,37,23,10,46,55,1,14,47,0,60,40,0,48,20,15,65,1,0,35,57,8,49,16,34,32,0,23,8,22,16,30,53,27,14,2,37,22,21,58,31,23,41,58,11,52,40,62,0,46,12,50,52,32,33,0,65,36,42,31,0,11,23,48,19,46,67,14,63,30,15
159,2021-01-24,34,25,28,66,41,26,9,44,74,10,14,52,0,40,38,0,47,20,18,66,4,18,60,60,8,35,21,34,30,0,23,9,27,14,33,46,27,17,2,35,20,20,53,39,23,45,51,4,65,41,53,0,49,12,50,56,32,36,2,63,11,43,31,0,10,23,53,21,39,67,42,84,29,15
160,2021-01-31,29,15,26,53,43,30,14,44,65,4,14,56,0,61,43,26,47,20,16,53,15,0,66,58,10,56,29,26,27,46,24,7,28,13,37,44,23,28,3,34,24,17,56,30,0,39,41,23,48,36,57,28,49,18,53,62,57,35,2,58,30,37,37,0,13,24,52,15,43,67,14,66,32,16
161,2021-02-07,33,35,24,60,39,20,9,47,61,12,21,52,0,44,30,13,39,23,21,60,65,18,25,65,11,42,16,9,34,0,19,7,29,16,36,44,30,18,7,37,21,18,71,24,0,39,47,16,42,35,55,0,47,6,52,52,39,31,0,66,19,44,38,0,8,24,53,16,43,67,100,38,32,8
162,2021-02-14,37,46,26,51,41,34,12,51,58,9,33,58,23,55,37,0,43,27,16,51,100,18,51,63,11,5,24,22,27,0,21,15,24,13,37,48,31,50,1,38,22,20,65,34,0,41,45,23,50,41,54,0,53,18,57,55,38,36,3,69,56,31,42,0,12,26,56,19,48,65,29,48,28,8
163,2021-02-21,36,30,35,54,41,27,9,50,61,8,32,51,23,55,38,0,44,22,16,54,45,18,61,62,11,5,21,22,39,0,23,15,26,13,41,72,27,18,1,42,22,15,52,24,0,39,46,23,52,40,56,0,49,24,62,58,100,42,3,65,19,50,41,0,10,24,54,15,45,67,14,56,29,8
164,2021-02-28,38,5,33,55,39,44,5,53,54,11,23,50,23,35,37,13,47,23,24,55,22,18,56,64,11,78,22,13,31,0,23,9,33,13,38,51,24,25,2,41,18,17,55,28,24,38,47,30,47,41,53,0,50,12,63,57,94,30,1,72,34,44,44,0,17,26,53,16,51,68,0,50,34,24
165,2021-03-07,31,25,42,63,39,20,8,50,49,10,25,57,0,54,34,26,51,27,16,63,12,0,55,64,12,5,11,17,32,0,25,8,26,14,35,62,27,25,1,40,19,18,63,28,0,43,36,25,45,41,59,0,48,12,64,59,36,39,1,69,22,52,43,0,10,26,50,24,45,68,14,60,39,16
166,2021-03-14,40,24,35,57,34,34,11,47,48,27,22,57,0,58,33,12,52,27,12,57,10,34,71,68,13,5,18,16,35,22,16,8,22,13,38,35,25,10,1,34,23,16,56,28,0,41,37,13,53,40,60,0,48,22,62,67,37,38,5,65,35,43,46,100,13,31,54,18,44,74,13,65,39,44
167,2021-03-21,47,70,40,67,36,36,4,56,48,33,9,52,0,74,33,0,46,100,15,67,7,54,40,67,13,5,13,9,35,0,23,8,23,12,38,60,32,21,1,55,23,18,60,22,0,45,40,31,49,40,54,14,53,41,72,60,34,51,5,74,26,42,49,0,9,28,59,15,41,73,42,54,35,16
168,2021-03-28,46,36,17,63,38,30,13,55,47,72,26,58,0,31,40,0,50,38,40,63,10,19,46,65,12,13,38,18,28,47,25,7,24,14,74,54,35,18,2,46,20,19,62,13,24,44,39,18,49,41,57,56,52,12,98,66,22,43,4,67,45,49,54,0,16,33,61,12,43,66,15,37,34,8
169,2021-04-04,47,31,29,55,37,37,14,58,45,61,26,64,0,59,29,27,49,28,18,55,16,19,41,70,12,14,35,9,31,23,20,9,25,13,51,73,35,32,1,39,21,22,72,9,0,46,50,16,53,42,59,14,61,6,69,62,23,46,4,72,30,42,54,0,12,33,59,18,44,68,44,47,25,24
170,2021-04-11,46,15,23,60,35,53,100,49,37,52,18,63,23,61,34,26,48,27,26,60,16,18,35,65,13,60,19,26,33,0,23,9,28,14,47,62,36,42,2,48,19,18,65,9,0,41,39,29,47,40,59,69,59,12,67,63,19,47,0,71,18,39,49,53,15,28,59,15,51,74,29,51,38,24
171,2021-04-18,49,5,36,61,35,27,7,64,39,44,16,63,47,52,36,0,44,24,17,61,13,18,20,71,13,16,27,40,32,23,25,10,27,13,43,48,30,32,2,54,23,16,79,6,0,45,41,21,50,42,55,14,53,36,67,65,32,48,2,67,30,52,55,0,11,28,63,14,54,69,43,66,38,32
172,2021-04-25,43,35,40,57,35,30,8,56,39,56,19,62,0,62,38,0,51,25,18,57,10,18,36,73,13,2,35,9,31,0,24,8,23,13,50,57,26,18,4,47,19,16,62,5,0,44,37,14,50,44,57,0,61,18,68,65,22,46,1,71,37,31,49,0,13,28,66,12,47,72,0,58,32,16
173,2021-05-02,46,25,36,53,39,23,11,52,39,54,23,63,0,62,25,0,42,25,17,53,9,37,51,70,14,2,30,13,29,0,25,9,21,14,48,53,23,28,4,50,20,18,72,22,48,48,33,16,53,44,59,56,57,12,65,62,29,49,2,74,41,41,51,0,10,31,64,14,49,73,0,56,40,8
174,2021-05-09,44,26,32,54,38,24,7,65,43,31,26,60,24,39,34,0,39,25,27,54,8,0,58,71,14,2,19,14,26,0,27,10,26,14,50,47,37,11,5,41,22,15,74,7,25,46,43,35,57,42,53,29,57,6,64,63,26,41,0,66,50,38,58,0,10,30,59,15,53,71,15,49,40,8
175,2021-05-16,52,52,36,62,38,20,9,57,48,38,19,60,0,60,30,13,44,28,18,62,6,19,52,73,14,2,25,18,32,0,26,93,30,14,49,70,38,18,3,61,22,17,77,8,0,47,36,32,50,43,53,28,60,49,65,78,17,48,2,64,23,40,59,0,11,29,61,11,50,77,15,51,30,16
176,2021-05-23,54,57,44,47,38,38,5,59,45,20,31,63,0,28,39,40,38,31,17,47,5,0,68,74,17,2,30,9,27,0,20,11,36,13,52,52,35,25,4,57,19,15,84,7,0,41,46,12,47,43,65,29,61,18,66,68,26,49,2,77,19,32,58,0,9,33,66,14,49,74,29,61,42,8
177,2021-05-30,58,47,17,57,38,42,9,56,50,39,27,63,0,50,28,27,41,30,18,57,5,0,53,77,17,1,20,14,29,0,20,9,33,13,57,79,35,22,2,45,26,17,79,8,25,45,43,38,47,42,60,29,62,13,65,68,48,54,2,68,27,68,59,0,11,34,63,17,59,73,0,71,50,25
178,2021-06-06,65,52,41,61,37,48,5,69,56,17,12,67,0,42,36,27,43,30,21,61,4,19,57,73,15,1,30,40,27,0,21,9,37,14,49,66,36,33,4,50,23,15,68,11,24,40,50,16,47,44,58,100,61,19,60,74,28,53,4,74,27,33,61,0,14,33,67,16,55,80,15,70,43,24
179,2021-06-13,67,52,39,72,40,38,13,63,60,11,22,66,24,35,39,0,50,28,38,72,4,19,21,82,19,2,28,27,31,0,31,10,44,15,49,58,39,33,9,45,23,17,79,15,25,53,64,47,100,45,69,14,66,25,61,78,33,48,2,75,46,47,60,0,12,32,72,22,61,75,0,72,44,25
180,2021-06-20,60,42,37,65,41,28,6,66,59,8,22,62,0,36,37,14,47,26,18,65,4,0,37,93,19,1,33,18,34,0,21,9,48,14,47,80,35,30,5,59,34,18,75,9,0,48,57,43,89,48,59,58,64,6,59,68,34,58,1,77,47,49,61,0,10,33,68,13,58,76,15,64,32,25
181,2021-06-27,62,57,58,65,40,31,11,61,55,14,22,69,0,46,35,0,49,30,23,65,4,19,31,100,20,1,28,27,92,0,30,9,43,13,53,62,53,26,3,56,34,17,69,7,0,50,53,51,59,46,65,14,67,12,59,67,32,55,2,77,46,48,59,55,9,33,66,16,62,74,0,92,42,16
182,2021-07-04,79,59,23,55,38,25,10,71,100,6,34,71,0,36,55,14,42,28,23,55,14,19,32,79,18,2,31,9,40,73,28,10,48,12,58,55,35,19,3,47,23,17,72,11,25,46,42,26,58,45,62,44,61,19,58,67,33,57,0,85,35,35,63,0,34,36,67,16,58,72,61,68,38,8
183,2021-07-11,68,47,42,66,38,14,17,66,71,28,34,69,0,64,36,0,43,30,43,66,28,0,100,77,18,2,22,36,25,24,32,8,45,12,62,65,39,22,5,73,21,19,69,9,0,44,44,54,53,45,64,58,64,6,57,68,32,58,2,79,39,42,64,0,22,34,75,16,49,79,15,55,37,41
184,2021-07-18,62,49,38,66,38,39,12,61,63,69,25,62,0,48,44,28,43,32,63,66,14,20,60,80,17,1,26,19,31,25,25,9,48,12,53,63,39,23,6,47,20,17,65,11,0,50,42,27,50,44,57,0,58,19,56,68,32,57,2,75,16,35,54,0,14,35,67,18,56,74,15,58,41,8
185,2021-07-25,57,42,56,53,40,41,7,64,62,54,26,64,48,46,38,67,41,33,29,53,11,0,42,80,16,1,22,36,30,0,17,9,46,13,53,67,31,40,5,67,19,34,63,8,0,45,47,33,51,44,52,14,61,12,54,65,24,53,0,78,27,49,55,0,25,35,70,22,51,70,15,48,31,16
186,2021-08-01,67,100,25,58,40,17,10,54,63,72,27,61,48,46,30,27,48,29,19,58,8,19,37,81,16,1,36,18,36,24,29,10,46,13,58,62,36,41,5,54,25,38,66,8,0,49,48,21,48,44,62,43,58,19,53,62,37,55,1,73,27,44,53,0,18,33,65,17,50,78,15,72,44,25
187,2021-08-08,62,63,42,47,37,17,11,56,55,82,24,62,24,50,41,41,47,26,17,47,8,38,42,81,16,1,42,50,28,0,25,9,53,13,61,69,34,22,8,61,23,37,68,5,25,47,42,21,51,39,58,15,51,25,55,64,37,54,1,70,51,46,46,56,16,32,62,20,52,79,15,69,44,0
188,2021-08-15,56,62,46,51,43,10,9,57,54,100,17,58,0,35,31,27,46,24,13,51,6,37,52,76,17,1,16,45,31,0,24,9,59,13,53,72,38,33,14,53,15,31,70,7,0,46,46,16,47,43,56,57,51,18,51,60,36,50,2,74,30,44,47,0,15,32,62,25,59,79,0,54,36,16
189,2021-08-22,53,54,40,58,42,60,11,63,47,54,27,55,25,69,30,14,42,27,22,58,7,0,43,66,15,1,31,23,27,24,36,9,48,12,60,60,33,11,18,59,26,28,75,7,25,38,43,14,45,42,62,0,49,6,53,61,26,51,3,70,20,41,43,0,14,26,63,15,54,75,76,98,43,42
190,2021-08-29,56,37,48,48,46,14,8,60,49,41,34,61,0,40,36,28,43,28,21,48,6,0,54,72,15,1,23,5,34,0,30,8,38,14,54,71,39,8,7,39,19,24,77,6,0,53,39,10,41,46,64,74,56,6,49,64,34,47,2,69,20,37,39,57,10,29,58,11,55,78,30,51,41,34
191,2021-09-05,57,56,42,58,39,51,8,64,47,45,20,55,0,60,36,72,42,25,24,58,4,20,11,78,18,1,15,24,28,0,26,9,37,13,51,57,27,27,9,54,20,24,74,8,0,42,50,12,52,45,56,0,64,33,50,63,25,57,1,74,25,36,47,0,13,26,59,15,71,72,0,65,38,26
192,2021-09-12,52,48,45,64,38,35,16,62,47,61,34,63,25,33,43,55,42,26,27,64,4,19,32,70,16,0,26,23,24,0,23,8,34,12,51,65,32,23,29,64,18,17,79,9,0,43,57,31,52,44,53,0,52,19,47,62,25,54,1,65,24,35,41,0,9,26,58,14,60,81,46,54,38,25
193,2021-09-19,53,22,38,53,41,25,7,54,40,68,25,61,0,67,43,70,49,25,22,53,4,0,22,64,16,1,9,28,24,0,32,8,44,13,57,72,29,15,19,68,25,16,74,13,0,45,45,24,47,43,55,30,63,13,47,62,16,53,1,70,16,36,40,0,12,28,62,14,53,77,62,90,46,17
194,2021-09-26,54,11,45,54,38,32,9,65,43,74,17,57,0,66,32,28,50,25,16,54,3,0,49,72,14,1,11,19,25,0,34,8,48,13,53,66,33,15,36,47,23,12,60,12,76,43,46,15,39,42,58,0,56,6,47,60,25,57,2,72,32,40,36,0,5,25,59,42,57,74,0,62,59,8
195,2021-10-03,51,32,30,54,37,32,6,51,39,69,27,61,49,62,35,69,44,23,14,54,3,0,43,71,17,1,40,51,26,24,24,9,44,14,58,56,36,45,45,50,23,14,73,16,0,45,48,24,52,43,55,59,58,6,44,61,28,51,2,68,28,49,38,0,13,25,64,13,53,76,15,61,44,25
196,2021-10-10,62,44,47,48,39,47,8,63,46,73,15,63,25,60,33,100,47,25,27,48,3,0,50,73,19,1,15,38,29,0,20,9,41,12,45,53,31,19,21,60,22,15,71,17,0,43,47,32,45,43,63,15,52,53,46,67,20,60,5,67,33,28,42,59,9,25,58,13,60,74,0,36,51,61
197,2021-10-17,55,22,26,59,42,32,10,60,36,78,25,63,25,26,39,84,46,24,27,59,2,0,44,70,17,1,29,24,33,0,16,8,32,12,59,59,41,19,13,49,17,11,79,11,26,39,43,44,47,42,76,45,55,13,45,62,25,54,4,64,40,38,41,0,6,25,61,13,54,68,62,55,45,34
198,2021-10-24,51,38,49,56,40,65,7,59,48,68,18,65,50,56,56,85,41,19,21,56,3,59,39,71,18,1,14,24,30,0,22,9,27,13,60,54,39,19,11,61,18,17,62,14,0,45,46,10,46,48,49,30,58,6,45,58,25,55,2,68,36,32,37,0,4,26,64,14,52,77,0,55,53,9
199,2021-10-31,75,33,28,47,44,58,12,64,37,56,15,54,0,45,55,14,46,20,23,47,3,0,44,75,18,2,20,14,21,25,30,8,23,12,53,50,44,19,11,56,20,14,75,11,52,46,49,25,40,43,49,15,65,7,45,60,27,63,1,64,24,29,36,58,11,25,61,17,54,78,0,41,47,35
200,2021-11-07,70,22,56,62,39,36,10,56,46,45,10,57,100,15,49,14,40,24,22,62,3,0,33,69,19,1,14,33,23,0,18,8,26,11,54,60,32,27,14,72,22,17,64,14,26,42,56,34,48,43,57,15,56,13,44,67,23,51,1,66,8,56,39,0,7,24,64,13,58,69,46,53,44,0
201,2021-11-14,56,16,35,68,38,28,7,58,45,66,25,63,0,48,53,0,39,22,27,68,2,0,38,61,20,2,20,42,31,25,26,8,25,13,51,44,34,23,14,63,21,14,62,18,25,45,70,29,47,44,59,30,59,13,45,57,31,55,2,63,32,35,40,0,9,24,61,18,56,71,0,65,58,17
202,2021-11-21,66,22,26,58,36,29,7,58,47,65,20,53,0,45,36,14,43,21,19,58,3,0,84,62,20,2,24,5,30,0,27,7,25,13,53,41,37,12,23,44,19,17,63,18,26,39,75,30,48,37,52,31,54,46,44,56,19,46,3,57,37,22,37,0,11,21,64,15,63,67,16,64,30,17
203,2021-11-28,72,26,31,54,37,48,11,50,43,35,14,58,71,35,40,53,41,20,26,54,2,19,36,66,16,7,11,18,24,0,33,7,20,12,47,43,33,11,25,46,29,16,59,19,0,40,72,37,47,44,57,43,56,12,44,60,22,55,4,60,31,29,35,0,14,22,61,17,89,68,0,74,40,24
204,2021-12-05,53,32,38,56,38,28,8,53,49,61,17,56,25,55,100,55,48,22,18,56,3,0,32,67,19,1,17,19,33,0,21,12,22,11,54,53,36,38,11,51,24,18,68,30,0,43,58,36,49,43,55,15,55,6,44,63,21,46,2,66,32,41,34,0,13,24,63,15,68,71,30,63,16,34
205,2021-12-12,52,33,28,65,41,22,6,50,70,61,15,63,0,45,40,0,54,22,20,65,2,100,28,69,22,8,26,33,29,0,23,8,23,13,56,44,34,43,18,46,21,17,60,34,0,40,74,30,52,46,50,15,52,7,41,69,20,51,3,64,24,38,36,0,5,23,70,19,68,80,16,72,24,9
206,2021-12-19,58,18,30,63,42,39,9,59,70,47,13,69,0,28,29,15,49,26,21,63,3,0,18,80,27,3,19,25,28,54,25,9,25,13,74,42,31,12,12,42,16,20,55,48,0,42,73,24,59,47,54,16,59,7,43,87,19,51,2,63,43,27,36,0,48,22,72,9,72,81,0,48,13,28
207,2021-12-26,50,50,39,62,41,40,8,61,80,35,25,69,25,38,35,29,56,25,20,62,7,20,33,73,23,1,32,43,24,0,20,10,29,14,61,51,34,23,8,50,26,18,75,64,0,42,100,52,51,46,56,30,63,13,45,85,18,46,2,69,37,31,40,0,58,25,71,17,63,76,0,72,26,17
208,2022-01-02,47,37,48,50,44,70,9,59,70,32,25,59,25,40,36,55,53,24,10,50,5,0,48,70,15,45,20,23,27,0,22,7,26,12,49,44,32,7,11,55,16,16,69,44,0,48,65,58,54,42,50,59,55,13,45,61,23,41,6,63,28,52,36,57,58,23,62,15,46,77,0,75,35,0
209,2022-01-09,51,76,53,56,40,61,11,51,60,56,30,62,25,52,31,14,67,22,17,56,3,0,44,65,13,18,20,23,47,25,22,9,43,12,51,59,35,27,15,37,21,17,62,33,25,45,73,24,49,42,52,15,56,32,48,59,25,44,2,65,40,42,37,0,30,24,62,16,47,82,77,92,35,51
210,2022-01-16,59,70,58,51,40,25,6,59,64,68,20,64,25,81,32,14,44,23,17,51,3,20,38,63,17,79,34,9,28,0,25,11,32,12,51,59,32,23,22,48,20,17,66,30,0,42,60,41,47,42,60,0,54,19,48,61,47,46,2,62,24,30,39,0,21,26,54,15,52,73,0,65,31,42
211,2022-01-23,48,33,49,60,43,15,11,53,61,33,36,60,0,75,38,0,42,23,29,60,2,0,50,60,15,9,18,19,32,0,29,8,30,13,53,53,35,31,30,43,23,13,66,33,0,38,64,32,45,38,49,0,50,33,51,58,27,49,2,71,33,39,39,0,14,25,62,13,55,76,0,69,33,9
212,2022-01-30,56,34,61,47,43,37,13,58,60,54,47,59,0,100,44,0,40,21,21,47,3,0,97,64,14,41,24,10,28,0,22,9,24,11,53,54,28,32,49,46,27,14,62,52,0,42,70,20,43,41,52,16,55,7,51,60,25,46,3,60,46,48,40,0,18,24,57,12,47,76,16,68,36,18
213,2022-02-06,55,17,69,54,41,30,7,48,60,39,23,57,0,89,45,29,43,29,19,54,2,0,28,63,17,16,12,15,33,0,28,10,23,12,52,62,29,24,39,55,16,14,67,29,0,44,59,71,52,43,52,16,51,0,52,63,33,54,1,68,38,32,43,0,14,24,57,10,54,83,0,74,29,9
214,2022-02-13,54,28,43,54,39,15,14,52,59,53,18,64,78,54,34,15,45,39,16,54,2,0,46,69,14,2,18,25,31,0,27,15,28,13,54,55,33,24,100,45,26,16,69,29,27,46,50,28,44,44,57,47,53,14,53,68,19,50,1,69,46,34,46,0,11,25,61,15,47,68,0,52,45,18
215,2022-02-20,52,39,26,56,34,26,13,50,58,48,15,58,76,72,38,0,48,22,15,56,2,0,33,66,16,2,26,14,32,51,17,12,30,12,56,65,29,12,6,61,21,15,73,37,0,44,61,27,48,44,50,15,58,20,54,60,25,54,2,66,29,42,44,59,13,27,61,12,52,70,16,71,54,26
216,2022-02-27,49,22,36,53,36,25,14,64,62,62,28,62,0,97,38,14,43,25,23,53,2,20,22,66,17,21,23,5,28,0,19,8,24,13,49,50,35,23,5,55,22,26,69,25,26,44,63,35,50,44,52,0,58,13,55,67,20,51,3,67,20,48,43,0,9,25,64,15,48,81,31,63,48,26
